Date,Open,High,Low,Close,Adj Close,Volume
20140319,10500.00,10500.00,10500.00,10500.00,10500.00,69977440
20140325,10920.00,10920.00,10920.00,10920.00,10606.00,141341
20140326,11030.00,11030.00,11030.00,11030.00,10659.00,70182
20140329,11085.00,11085.00,11085.00,11085.00,10850.00,250772
20140330,11284.00,11284.00,11284.00,11284.00,10915.00,84114
20140331,11351.00,11351.00,11351.00,11351.00,10999.00,107630
20140405,11438.00,11438.00,11438.00,11438.00,11105.00,134999
20140406,11549.00,11549.00,11549.00,11549.00,11259.00,194065
20140407,11709.00,11709.00,11709.00,11709.00,11432.00,215390
20140408,11889.00,11889.00,11889.00,11889.00,11520.00,107821
20140409,11980.00,11980.00,11980.00,11980.00,11602.00,100235
20140412,12066.00,12066.00,12066.00,12066.00,11806.00,246338
20140413,12278.00,12278.00,11806.00,12278.00,12253.00,30806989
20140414,12360.00,12690.00,12001.00,12400.00,12301.00,13501211
20140415,12630.00,12793.00,12450.00,12793.00,12753.00,12674536
20140416,13100.00,13263.00,12897.00,13050.00,13160.00,10088271
20140419,12900.00,12968.00,12634.00,12634.00,12678.00,2116318
20140420,12704.00,13100.00,12500.00,12600.00,12716.00,6743674
20140421,12700.00,12990.00,12370.00,12750.00,12659.00,7445206
20140422,12850.00,12990.00,12311.00,12399.00,12473.00,4556637
20140423,12229.00,12550.00,12229.00,12490.00,12420.00,2438322
20140426,12601.00,12916.00,12533.00,12916.00,12851.00,3314636
20140427,13099.00,13099.00,12370.00,12500.00,12652.00,4132487
20140428,12450.00,12610.00,12252.00,12320.00,12365.00,2308793
20140429,12389.00,12650.00,12161.00,12248.00,12378.00,2430374
20140430,12300.00,12520.00,12202.00,12260.00,12331.00,906214
20140503,12521.00,12530.00,12201.00,12216.00,12319.00,1620703
20140504,12200.00,12219.00,12100.00,12200.00,12142.00,1236526
20140505,12200.00,12400.00,12200.00,12250.00,12238.00,1052600
20140506,12300.00,12727.00,12300.00,12698.00,12600.00,6449382
20140519,12790.00,13000.00,12600.00,12703.00,12725.00,3266793
20140520,12710.00,12710.00,12420.00,12518.00,12558.00,2948335
20140521,12500.00,12500.00,12250.00,12290.00,12382.00,1420719
20140524,12399.00,12499.00,12140.00,12194.00,12245.00,822999
20140525,12140.00,12150.00,11790.00,11966.00,11901.00,1444845
20140526,11861.00,12107.00,11803.00,11813.00,11928.00,1095458
20140528,11980.00,11980.00,11452.00,11551.00,11623.00,1331469
20140531,11759.00,11759.00,11170.00,11200.00,11280.00,1525955
20140601,11200.00,11349.00,11020.00,11130.00,11138.00,1091450
20140602,11150.00,11497.00,11150.00,11325.00,11261.00,641741
20140603,11330.00,11440.00,11200.00,11289.00,11246.00,392195
20140607,11200.00,11398.00,11002.00,11160.00,11144.00,428735
20140608,11200.00,11200.00,11000.00,11060.00,11057.00,403248
20140609,11179.00,11179.00,10901.00,10901.00,11045.00,407427
20140610,11000.00,11099.00,10900.00,11089.00,11016.00,433186
20140611,11147.00,11147.00,10883.00,10995.00,10986.00,302510
20140614,10900.00,10900.00,10547.00,10547.00,10744.00,387520
20140615,10703.00,10790.00,10700.00,10722.00,10720.00,1420010
20140616,10819.00,10970.00,10817.00,10870.00,10846.00,539966
20140617,10880.00,10950.00,10854.00,10854.00,10867.00,575780
20140618,10870.00,10997.00,10867.00,10960.00,10929.00,696364
20140621,11000.00,11250.00,10900.00,11210.00,11029.00,2188358
20140628,9346.00,9346.00,8973.00,8973.00,9172.00,1075080
20140629,8806.00,8806.00,8806.00,8806.00,9077.00,145132
20140630,8714.00,8806.00,8714.00,8714.00,8716.00,1101738
20140701,8420.00,8800.00,8368.00,8720.00,8553.00,1584897
20140702,8889.00,8889.00,8655.00,8815.00,8704.00,412798
20140705,8711.00,9052.00,8711.00,9052.00,9008.00,601365
20140706,9280.00,9280.00,8670.00,8700.00,8850.00,624510
20140707,8502.00,8950.00,8502.00,8600.00,8799.00,261971
20140708,8678.00,9150.00,8678.00,9150.00,9103.00,811195
20140709,9198.00,9198.00,8739.00,8739.00,8882.00,569940
20140712,8557.00,8900.00,8557.00,8670.00,8831.00,165596
20140713,8720.00,8720.00,8531.00,8628.00,8648.00,439568
20140714,8549.00,8750.00,8549.00,8740.00,8656.00,179559
20140715,8520.00,8790.00,8520.00,8600.00,8646.00,194017
20140716,8650.00,8650.00,8501.00,8575.00,8608.00,418833
20140720,8560.00,8689.00,8540.00,8650.00,8608.00,223380
20140721,8681.00,8952.00,8600.00,8952.00,8776.00,412138
20140722,9100.00,9127.00,9050.00,9127.00,9122.00,1233195
20140723,8820.00,8949.00,8758.00,8790.00,8844.00,1326193
20140726,8602.00,8771.00,8526.00,8700.00,8752.00,235549
20140727,8700.00,8946.00,8621.00,8880.00,8784.00,309201
20140728,8941.00,9040.00,8900.00,8979.00,8885.00,301561
20140802,8999.00,8999.00,8680.00,8800.00,8850.00,223984
20140803,8895.00,8895.00,8601.00,8830.00,8811.00,479361
20140804,8922.00,8922.00,8701.00,8751.00,8813.00,187378
20140805,8761.00,8761.00,8636.00,8660.00,8716.00,344022
20140806,8600.00,8659.00,8600.00,8645.00,8683.00,185010
20140809,8749.00,8838.00,8555.00,8770.00,8717.00,455698
20140810,8800.00,8845.00,8797.00,8830.00,8797.00,491158
20140811,8850.00,8880.00,8830.00,8849.00,8821.00,317848
20140812,8850.00,8890.00,8571.00,8849.00,8826.00,241400
20140813,8850.00,8869.00,8670.00,8825.00,8821.00,294417
20140816,8830.00,8855.00,8625.00,8625.00,8819.00,526606
20140817,8819.00,8850.00,8720.00,8720.00,8784.00,624635
20140818,8720.00,8838.00,8696.00,8780.00,8780.00,393001
20140819,8790.00,8900.00,8651.00,8884.00,8787.00,644510
20140820,8897.00,9138.00,8823.00,9138.00,9067.00,2451786
20140823,9150.00,9420.00,9007.00,9200.00,9233.00,834611
20140824,9080.00,9320.00,8980.00,9050.00,9160.00,746152
20140825,9005.00,9150.00,8890.00,8950.00,9007.00,432477
20140826,8970.00,9070.00,8882.00,9032.00,8970.00,752675
20140827,9079.00,9079.00,8985.00,8985.00,8985.00,211205
20140830,9017.00,9017.00,8850.00,8900.00,8938.00,432553
20140831,8999.00,8999.00,8855.00,8939.00,8905.00,290654
20140901,9000.00,9260.00,9000.00,9260.00,9172.00,1251973
20140902,9260.00,9390.00,9150.00,9192.00,9244.00,532032
20140903,9244.00,9289.00,9000.00,9000.00,9140.00,350135
20140906,9020.00,9100.00,8950.00,9000.00,9063.00,322637
20140907,8900.00,8997.00,8851.00,8904.00,9009.00,199129
20140908,8951.00,9060.00,8860.00,9038.00,8968.00,462406
20140909,9020.00,9035.00,8900.00,9000.00,8966.00,221572
20140910,8966.00,9324.00,8806.00,9022.00,9028.00,730098
20140913,9028.00,9210.00,8914.00,8950.00,9040.00,164360
20140914,9040.00,9100.00,8901.00,8916.00,8996.00,209730
20140915,8900.00,9010.00,8900.00,8931.00,8973.00,157995
20140916,8999.00,8999.00,8901.00,8920.00,8960.00,151746
20140917,8970.00,8970.00,8940.00,8952.00,8957.00,189136
20140920,9045.00,9045.00,8950.00,8960.00,8959.00,85912
20140921,9000.00,9039.00,8970.00,8989.00,8967.00,191709
20140922,8980.00,8980.00,8950.00,8950.00,8964.00,296891
20140923,8950.00,9249.00,8950.00,9200.00,9002.00,256759
20140924,9150.00,9239.00,9065.00,9100.00,9036.00,143363
20140927,8971.00,9198.00,8950.00,8987.00,9029.00,75176
20140928,9000.00,9050.00,8970.00,9000.00,9015.00,207953
20140929,9100.00,9150.00,9002.00,9030.00,9024.00,141187
20140930,9050.00,9051.00,9000.00,9047.00,9025.00,211096
20141001,9050.00,9050.00,9000.00,9044.00,9026.00,147484
20141004,9050.00,9060.00,8998.00,8998.00,9013.00,319904
20141006,8990.00,8999.00,8852.00,8852.00,8966.00,329540
20141007,8900.00,8900.00,8701.00,8790.00,8795.00,846534
20141008,8700.00,8800.00,8690.00,8704.00,8759.00,343751
20141011,8690.00,8791.00,8683.00,8736.00,8744.00,205455
20141012,8650.00,8760.00,8650.00,8718.00,8737.00,139915
20141014,8740.00,8788.00,8700.00,8702.00,8730.00,147519
20141015,8700.00,8765.00,8689.00,8691.00,8719.00,192463
20141018,8710.00,8887.00,8600.00,8622.00,8664.00,415435
20141019,8870.00,8870.00,8566.00,8621.00,8646.00,257395
20141020,8623.00,8991.00,8622.00,8890.00,8945.00,709964
20141021,8850.00,8900.00,8620.00,8621.00,8798.00,397145
20141022,8750.00,8750.00,8606.00,8606.00,8731.00,231721
20141025,8500.00,8580.00,8382.00,8419.00,8418.00,1050578
20141026,8440.00,8463.00,8390.00,8390.00,8410.00,353212
20141027,8352.00,8490.00,8320.00,8431.00,8426.00,280183
20141028,8479.00,8600.00,8478.00,8482.00,8455.00,132797
20141029,8599.00,8599.00,8370.00,8394.00,8433.00,327300
20141101,8410.00,8550.00,8390.00,8390.00,8425.00,455773
20141102,8400.00,8510.00,8350.00,8410.00,8397.00,511301
20141105,8439.00,8524.00,8400.00,8454.00,8468.00,682855
20141108,8554.00,8806.00,8554.00,8806.00,8741.00,573390
20141109,9090.00,9090.00,9090.00,9090.00,9090.00,626827
20141110,9453.00,9453.00,9204.00,9452.00,9447.00,5261762
20141111,9445.00,9824.00,9240.00,9824.00,9721.00,1905880
20141112,9979.00,9979.00,9501.00,9600.00,9806.00,911041
20141115,9506.00,9506.00,9414.00,9414.00,9710.00,140332
20141116,9322.00,9700.00,9322.00,9488.00,9456.00,1319395
20141117,9439.00,9695.00,9350.00,9354.00,9553.00,578279
20141118,9450.00,9450.00,9180.00,9252.00,9390.00,358744
20141119,9252.00,9320.00,9050.00,9050.00,9227.00,342844
20141122,9460.00,9460.00,9110.00,9150.00,9282.00,333392
20141123,9120.00,9350.00,9020.00,9339.00,9125.00,792027
20141124,9399.00,9399.00,9003.00,9065.00,9166.00,694507
20141125,8800.00,9166.00,8800.00,8925.00,9050.00,224740
20141126,8812.00,9009.00,8720.00,8850.00,8880.00,385597
20141129,8940.00,9200.00,8610.00,8762.00,8830.00,546796
20141130,8570.00,8601.00,8520.00,8547.00,8652.00,355385
20141201,8550.00,8850.00,8500.00,8725.00,8669.00,235030
20141202,8780.00,8780.00,8622.00,8678.00,8664.00,257515
20141203,8570.00,8700.00,8500.00,8650.00,8541.00,613191
20141206,8431.00,8660.00,8431.00,8657.00,8526.00,352316
20141207,8532.00,8830.00,8498.00,8830.00,8685.00,474003
20141208,8858.00,8987.00,8800.00,8887.00,8771.00,219713
20141209,8990.00,8990.00,8710.00,8842.00,8775.00,444559
20141210,8910.00,8910.00,8700.00,8753.00,8763.00,310307
20141214,8600.00,8700.00,8413.00,8700.00,8624.00,405518
20141215,8460.00,8694.00,8460.00,8600.00,8527.00,587543
20141216,8475.00,8825.00,8475.00,8651.00,8592.00,232210
20141217,8476.00,8700.00,8475.00,8642.00,8603.00,473312
20141220,8504.00,8800.00,8504.00,8800.00,8626.00,210856
20141222,8690.00,8850.00,8631.00,8801.00,8666.00,159282
20141224,8900.00,8900.00,8788.00,8817.00,8709.00,174446
20141227,8800.00,8840.00,8709.00,8839.00,8722.00,131079
20141228,8723.00,8921.00,8723.00,8909.00,8813.00,357259
20141229,8940.00,8979.00,8800.00,8890.00,8910.00,735725
20141230,8854.00,8900.00,8818.00,8885.00,8899.00,87784
20141231,8801.00,9000.00,8750.00,8870.00,8887.00,212882
20150103,8850.00,8880.00,8800.00,8800.00,8873.00,103565
20150104,8800.00,8800.00,8701.00,8750.00,8843.00,145123
20150105,8885.00,8885.00,8600.00,8700.00,8787.00,226380
20150106,8564.00,8700.00,8501.00,8689.00,8724.00,188128
20150107,8601.00,8780.00,8590.00,8780.00,8713.00,143188
20150110,8504.00,8810.00,8504.00,8521.00,8634.00,281665
20150111,8424.00,8529.00,8400.00,8441.00,8579.00,182168
20150112,8500.00,8790.00,8500.00,8502.00,8585.00,61745
20150113,8520.00,8525.00,8381.00,8520.00,8557.00,117476
20150114,8376.00,8529.00,8300.00,8300.00,8541.00,57902
20150117,8450.00,8700.00,8320.00,8500.00,8531.00,75199
20150118,8422.00,8450.00,8351.00,8450.00,8498.00,119240
20150119,8485.00,8485.00,8300.00,8315.00,8478.00,62509
20150120,8250.00,8450.00,8211.00,8211.00,8467.00,26494
20150121,8201.00,8249.00,8129.00,8129.00,8140.00,767665
20150124,8160.00,8179.00,7820.00,8035.00,8102.00,355745
20150125,8000.00,8200.00,8000.00,8139.00,8121.00,307078
20150126,8100.00,8155.00,8011.00,8146.00,8114.00,204231
20150127,8140.00,8250.00,8064.00,8200.00,8119.00,103538
20150128,8345.00,8443.00,8220.00,8443.00,8412.00,537004
20150131,8680.00,8748.00,8651.00,8658.00,8675.00,477647
20150201,8850.00,8850.00,8362.00,8540.00,8667.00,30046
20150202,8400.00,8789.00,8400.00,8710.00,8741.00,441504
20150203,8750.00,8888.00,8500.00,8870.00,8742.00,113100
20150204,8740.00,8898.00,8700.00,8880.00,8777.00,158017
20150207,8900.00,8950.00,8728.00,8908.00,8822.00,209928
20150208,8801.00,8888.00,8631.00,8882.00,8820.00,129949
20150209,8656.00,8858.00,8591.00,8599.00,8798.00,108921
20150210,8700.00,8830.00,8700.00,8830.00,8796.00,111806
20150214,8860.00,9125.00,8850.00,8990.00,9048.00,491575
20150215,9050.00,9050.00,8850.00,8900.00,9039.00,47926
20150216,8850.00,9022.00,8850.00,9001.00,9017.00,224514
20150217,8812.00,9015.00,8812.00,8970.00,8993.00,153655
20150218,8960.00,8960.00,8800.00,8850.00,8982.00,46423
20150221,8802.00,8999.00,8750.00,8996.00,8923.00,131424
20150222,8930.00,9270.00,8930.00,9200.00,9203.00,548492
20150223,9278.00,9449.00,9170.00,9170.00,9335.00,621369
20150224,9349.00,9349.00,9107.00,9135.00,9222.00,171831
20150225,9150.00,9199.00,9000.00,9074.00,9034.00,284522
20150228,9100.00,9250.00,9070.00,9250.00,9172.00,244174
20150301,9130.00,9538.00,9130.00,9538.00,9479.00,398694
20150302,9455.00,9510.00,9406.00,9500.00,9483.00,111990
20150303,9210.00,9490.00,9210.00,9345.00,9411.00,153527
20150304,9570.00,9570.00,9250.00,9499.00,9427.00,115290
20150307,9502.00,9599.00,9451.00,9500.00,9514.00,178352
20150308,9490.00,9490.00,9310.00,9420.00,9491.00,46228
20150309,9499.00,9522.00,9203.00,9290.00,9441.00,73888
20150310,9400.00,9440.00,9230.00,9280.00,9428.00,22963
20150311,9270.00,9478.00,9270.00,9395.00,9413.00,85602
20150314,9301.00,9650.00,9301.00,9630.00,9494.00,247827
20150315,9649.00,9789.00,9500.00,9600.00,9622.00,293665
20150316,9700.00,9700.00,9300.00,9630.00,9459.00,492317
20150317,9700.00,9700.00,9400.00,9559.00,9642.00,381588
20150318,9600.00,10027.00,9600.00,10025.00,9906.00,1859973
20150325,10000.00,10302.00,10000.00,10302.00,10012.00,87539
20150328,10021.00,10412.00,10000.00,10412.00,10295.00,235190
20150329,10700.00,10706.00,10550.00,10706.00,10685.00,268659
20150330,10500.00,10900.00,10258.00,10600.00,10610.00,95983
20150331,10400.00,10640.00,10290.00,10380.00,10515.00,207820
20150404,10935.00,10935.00,10935.00,10935.00,10665.00,100000
20150405,11091.00,11091.00,10840.00,11091.00,11081.00,828325
20150406,11118.00,11118.00,10638.00,10655.00,10652.00,753946
20150407,10652.00,10701.00,10652.00,10660.00,10663.00,324208
20150408,10750.00,10900.00,10663.00,10810.00,10784.00,226465
20150411,10784.00,10840.00,10600.00,10601.00,10709.00,188057
20150412,10500.00,10500.00,10445.00,10456.00,10585.00,135374
20150413,10550.00,10550.00,10390.00,10450.00,10476.00,170840
20150414,10350.00,10550.00,10350.00,10400.00,10463.00,39429
20150415,10594.00,10594.00,10321.00,10400.00,10388.00,256662
20150418,10400.00,10400.00,9973.00,10001.00,10201.00,183418
20150419,10050.00,10180.00,10010.00,10010.00,10163.00,64914
20150420,10080.00,10100.00,10000.00,10060.00,10094.00,163755
20150421,10100.00,10100.00,10052.00,10052.00,10082.00,149593
20150422,10053.00,10149.00,10051.00,10052.00,10069.00,190889
20150425,10143.00,10143.00,10051.00,10051.00,10067.00,35679
20150426,10051.00,10055.00,10051.00,10051.00,10058.00,166061
20150427,10050.00,10050.00,10000.00,10000.00,10011.00,277273
20150428,10000.00,10030.00,9940.00,10000.00,9996.00,250326
20150429,10001.00,10050.00,9900.00,10000.00,9993.00,49217
20150503,10000.00,10046.00,9930.00,9930.00,9992.00,59606
20150504,9995.00,9995.00,9900.00,9901.00,9970.00,102303
20150505,9700.00,9890.00,9611.00,9869.00,9925.00,41628
20150506,9611.00,9750.00,9611.00,9618.00,9903.00,20657
20150509,9680.00,9680.00,9550.00,9600.00,9809.00,92088
20150510,9599.00,9599.00,9430.00,9540.00,9755.00,48855
20150511,9380.00,9679.00,9380.00,9678.00,9723.00,72523
20150512,9680.00,9999.00,9680.00,9820.00,9763.00,58027
20150513,9999.00,9999.00,9770.00,9870.00,9772.00,21354
20150517,9898.00,9898.00,9500.00,9780.00,9867.00,438322
20150518,9882.00,9882.00,9601.00,9870.00,9878.00,622208
20150519,9859.00,9999.00,9690.00,9995.00,9884.00,302881
20150520,9900.00,9987.00,9810.00,9987.00,9883.00,60679
20150523,9900.00,9900.00,9791.00,9791.00,9867.00,69242
20150524,9993.00,9993.00,9800.00,9900.00,9865.00,12573
20150525,9994.00,9994.00,9822.00,9822.00,9860.00,63268
20150526,9850.00,9968.00,9800.00,9860.00,9858.00,26216
20150527,9890.00,9899.00,9830.00,9860.00,9859.00,15477
20150530,9850.00,9992.00,9850.00,9900.00,9862.00,48070
20150531,9861.00,10000.00,9861.00,9990.00,9885.00,68308
20150601,9850.00,10000.00,9850.00,9998.00,9902.00,54167
20150602,10097.00,10097.00,9851.00,10000.00,9935.00,293605
20150606,10070.00,10090.00,9920.00,10005.00,9967.00,97084
20150607,10000.00,10049.00,9862.00,10000.00,10007.00,278931
20150608,10000.00,10030.00,9870.00,10026.00,10007.00,106292
20150609,10000.00,10000.00,9886.00,9950.00,9996.00,32586
20150610,9970.00,10450.00,9900.00,10350.00,10247.00,241985
20150613,10451.00,10700.00,10342.00,10700.00,10575.00,314164
20150614,10600.00,10988.00,10500.00,10631.00,10873.00,1569308
20150617,9600.00,9700.00,9503.00,9700.00,9583.00,168465
20150620,9600.00,9690.00,9550.00,9550.00,9568.00,370300
20150621,9530.00,9530.00,9400.00,9400.00,9547.00,71039
20150622,9400.00,9400.00,9222.00,9231.00,9411.00,127074
20150623,9700.00,9700.00,9261.00,9350.00,9450.00,93257
20150624,9256.00,9350.00,9256.00,9301.00,9405.00,100229
20150627,9301.00,9350.00,9300.00,9301.00,9301.00,441428
20150628,9322.00,9401.00,9320.00,9320.00,9311.00,132649
20150629,9350.00,9401.00,9320.00,9401.00,9314.00,20335
20150630,9350.00,9688.00,9341.00,9688.00,9554.00,380185
20150701,9600.00,9700.00,9600.00,9610.00,9566.00,54526
20150704,9555.00,9925.00,9555.00,9820.00,9735.00,194028
20150705,9735.00,9824.00,9735.00,9740.00,9737.00,150506
20150706,9740.00,9851.00,9739.00,9851.00,9751.00,65731
20150707,9800.00,10099.00,9780.00,10099.00,9823.00,128672
20150711,10100.00,10210.00,10000.00,10100.00,9880.00,60560
20150712,10247.00,10330.00,9900.00,10200.00,10017.00,117253
20150713,10374.00,10517.00,10145.00,10300.00,10434.00,503310
20150714,10400.00,10948.00,10301.00,10500.00,10464.00,67818
20150715,10699.00,10699.00,10100.00,10239.00,10223.00,522527
20150720,10202.00,10300.00,10202.00,10225.00,10228.00,124527
20150721,10201.00,10229.00,10201.00,10204.00,10224.00,210241
20150722,10222.00,10229.00,10201.00,10201.00,10212.00,163783
20150725,10201.00,10210.00,10201.00,10201.00,10208.00,114547
20150726,10201.00,10220.00,10201.00,10201.00,10206.00,64750
20150727,10202.00,10220.00,10201.00,10201.00,10204.00,119218
20150728,10201.00,10398.00,10201.00,10300.00,10208.00,107582
20150729,10300.00,10350.00,10300.00,10300.00,10214.00,16522
20150801,10310.00,10330.00,10300.00,10330.00,10223.00,27800
20150802,10300.00,10300.00,10299.00,10299.00,10230.00,25155
20150803,10300.00,10350.00,10299.00,10299.00,10240.00,40642
20150804,10301.00,10370.00,10299.00,10370.00,10276.00,169954
20150805,10351.00,10420.00,10350.00,10420.00,10283.00,23800
20150808,10401.00,10450.00,10401.00,10401.00,10290.00,15266
20150809,10402.00,10485.00,10400.00,10430.00,10322.00,79868
20150810,10402.00,10485.00,10402.00,10480.00,10368.00,90826
20150812,10401.00,10500.00,10401.00,10500.00,10377.00,53950
20150815,10500.00,10549.00,10400.00,10400.00,10391.00,59271
20150816,10400.00,10410.00,10400.00,10400.00,10393.00,55864
20150817,10400.00,10500.00,10400.00,10400.00,10398.00,201444
20150818,10400.00,10480.00,10400.00,10480.00,10404.00,274564
20150819,10451.00,10480.00,10450.00,10480.00,10409.00,26160
20150822,10450.00,10460.00,10450.00,10455.00,10414.00,33777
20150823,10450.00,10451.00,10450.00,10450.00,10417.00,24987
20150824,10450.00,10460.00,10450.00,10460.00,10419.00,15596
20150825,10450.00,10476.00,10450.00,10450.00,10431.00,102679
20150826,10450.00,10450.00,10450.00,10450.00,10436.00,75361
20150829,10450.00,10470.00,10450.00,10450.00,10441.00,102390
20150830,10450.00,10460.00,10450.00,10451.00,10446.00,156009
20150831,10450.00,10464.00,10450.00,10450.00,10447.00,75899
20150901,10460.00,10490.00,10460.00,10460.00,10449.00,41750
20150902,10460.00,10461.00,10460.00,10460.00,10452.00,62997
20150905,10490.00,10490.00,10450.00,10461.00,10456.00,49633
20150906,10460.00,10475.00,10460.00,10460.00,10456.00,30616
20150907,10460.00,10482.00,10460.00,10470.00,10457.00,69674
20150908,10460.00,10580.00,10460.00,10570.00,10458.00,48347
20150909,10470.00,10500.00,10470.00,10470.00,10461.00,72782
20150912,10470.00,10549.00,10470.00,10471.00,10464.00,76532
20150913,10471.00,10471.00,10470.00,10470.00,10466.00,100338
20150914,10470.00,10471.00,10470.00,10470.00,10467.00,76625
20150915,10470.00,10500.00,10470.00,10470.00,10469.00,174620
20150922,10470.00,10471.00,10470.00,10470.00,10470.00,176145
20150923,10470.00,10470.00,10470.00,10470.00,10470.00,30941
20150926,10470.00,10485.00,10470.00,10472.00,10470.00,23570
20150927,10470.00,10471.00,10470.00,10470.00,10470.00,75994
20150928,10470.00,10484.00,10470.00,10470.00,10470.00,99925
20150929,10470.00,10470.00,10470.00,10470.00,10470.00,45052
20150930,10470.00,10520.00,10470.00,10470.00,10470.00,75844
20151003,10470.00,10472.00,10470.00,10470.00,10470.00,101778
20151004,10470.00,10470.00,10150.00,10300.00,10322.00,827181
20151005,10300.00,10450.00,10300.00,10400.00,10337.00,136610
20151006,10400.00,10470.00,10400.00,10470.00,10372.00,154312
20151007,10400.00,10401.00,10400.00,10400.00,10381.00,88347
20151010,10400.00,10430.00,10400.00,10419.00,10392.00,96146
20151011,10420.00,10420.00,10400.00,10400.00,10397.00,99819
20151012,10400.00,10407.00,10400.00,10400.00,10398.00,89163
20151013,10400.00,10400.00,10400.00,10400.00,10399.00,104007
20151014,10400.00,10470.00,10400.00,10400.00,10410.00,279536
20151017,10400.00,10460.00,10400.00,10400.00,10415.00,162157
20151018,10400.00,10470.00,10400.00,10450.00,10427.00,114901
20151019,10427.00,10600.00,10427.00,10600.00,10430.00,22525
20151020,10597.00,10600.00,10430.00,10579.00,10433.00,33586
20151021,10433.00,10550.00,10433.00,10550.00,10436.00,9933
20151025,10436.00,10440.00,10436.00,10440.00,10436.00,6201
20151026,10436.00,10436.00,10436.00,10436.00,10436.00,52441
20151027,10436.00,10480.00,10433.00,10449.00,10436.00,184958
20151028,10449.00,10729.00,10437.00,10602.00,10439.00,3559595
20151031,10600.00,10651.00,10600.00,10651.00,10462.00,33039
20151101,10550.00,10550.00,10440.00,10450.00,10461.00,11559
20151102,10442.00,10500.00,10442.00,10450.00,10460.00,21555
20151103,10440.00,10451.00,10439.00,10451.00,10459.00,7597
20151104,10600.00,10600.00,10439.00,10480.00,10459.00,4970
20151107,10439.00,10439.00,10439.00,10439.00,10457.00,29867
20151108,10439.00,10500.00,10439.00,10500.00,10456.00,20669
20151109,10439.00,10440.00,10431.00,10433.00,10447.00,132107
20151110,10431.00,10431.00,10430.00,10430.00,10445.00,25042
20151111,10430.00,10431.00,10430.00,10430.00,10444.00,26864
20151114,10430.00,10430.00,10420.00,10420.00,10442.00,25881
20151115,10420.00,10421.00,10420.00,10420.00,10442.00,6348
20151116,10421.00,10421.00,10420.00,10421.00,10441.00,10022
20151117,10420.00,10440.00,10420.00,10421.00,10435.00,80438
20151118,10421.00,10449.00,10421.00,10421.00,10435.00,10852
20151121,10421.00,10421.00,10420.00,10420.00,10435.00,7520
20151122,10420.00,10450.00,10420.00,10450.00,10435.00,11185
20151123,10420.00,10420.00,10420.00,10420.00,10434.00,15255
20151124,10420.00,10420.00,10400.00,10400.00,10415.00,237528
20151125,10400.00,10420.00,10400.00,10400.00,10414.00,22595
20151128,10400.00,10420.00,10370.00,10370.00,10371.00,1186708
20151129,10400.00,10401.00,10370.00,10370.00,10373.00,21841
20151130,10370.00,10370.00,10300.00,10368.00,10370.00,24275
20151201,10368.00,10368.00,10300.00,10300.00,10364.00,101088
20151205,10310.00,10310.00,10150.00,10150.00,10357.00,25000
20151206,10150.00,10150.00,9956.00,10000.00,10309.00,38735
20151207,9950.00,10000.00,9948.00,10000.00,10247.00,54735
20151208,9948.00,9948.00,9795.00,9802.00,10245.00,1007
20151209,9840.00,9950.00,9733.00,9800.00,10101.00,89132
20151213,9998.00,10199.00,9735.00,10199.00,10000.00,1682154
20151214,10005.00,10500.00,10003.00,10400.00,10037.00,38619
20151215,10538.00,10538.00,10000.00,10350.00,10049.00,16658
20151216,10455.00,10455.00,10150.00,10150.00,10057.00,10252
20151219,10160.00,10160.00,10100.00,10140.00,10059.00,6999
20151220,10140.00,10200.00,10057.00,10200.00,10062.00,23274
20151221,10120.00,10120.00,10100.00,10100.00,10063.00,6100
20151222,10100.00,10105.00,10057.00,10080.00,10064.00,25187
20151223,10143.00,10146.00,10143.00,10146.00,10070.00,21723
20151226,10200.00,10370.00,10188.00,10200.00,10083.00,14409
20151227,10209.00,10260.00,10209.00,10221.00,10099.00,27972
20151228,10221.00,10221.00,10220.00,10220.00,10104.00,11500
20151230,10220.00,10429.00,10220.00,10390.00,10170.00,63601
20160102,10499.00,10678.00,10420.00,10420.00,10229.00,47629
20160103,10420.00,10600.00,10400.00,10401.00,10281.00,61904
20160104,10597.00,10650.00,10500.00,10500.00,10316.00,34498
20160105,10501.00,10831.00,10501.00,10830.00,10489.00,107060
20160106,10900.00,10900.00,10701.00,10701.00,10526.00,40159
20160109,10700.00,10701.00,10500.00,10500.00,10543.00,84174
20160110,10500.00,10749.00,10500.00,10601.00,10543.00,13673
20160111,10543.00,10799.00,10500.00,10500.00,10547.00,22029
20160112,10547.00,10733.00,10547.00,10550.00,10547.00,8735
20160113,10552.00,10779.00,10547.00,10620.00,10556.00,28590
20160116,10600.00,11083.00,10600.00,10800.00,10690.00,126817
20160117,11180.00,11180.00,10801.00,11000.00,10738.00,45358
20160118,10802.00,11000.00,10752.00,10752.00,10754.00,146323
20160119,10800.00,11000.00,10752.00,10883.00,10768.00,56115
20160120,10755.00,10755.00,10700.00,10701.00,10751.00,80055
20160123,10730.00,10890.00,10730.00,10800.00,10765.00,68332
20160124,10720.00,11240.00,10563.00,11120.00,10853.00,186889
20160125,11200.00,11395.00,11000.00,11395.00,11359.00,333569
20160126,11926.00,11926.00,11926.00,11926.00,11541.00,89869
20160127,12118.00,12118.00,12118.00,12118.00,11793.00,122240
20160130,12382.00,12382.00,12200.00,12382.00,11942.00,70782
20160131,12530.00,12530.00,11348.00,12200.00,11978.00,36888
20160201,12250.00,12576.00,12100.00,12576.00,12259.00,141153
20160202,12200.00,12871.00,12150.00,12350.00,12356.00,83567
20160203,12500.00,12590.00,12360.00,12400.00,12429.00,512002
20160206,12400.00,12420.00,12400.00,12400.00,12416.00,128337
20160207,12400.00,12499.00,12400.00,12400.00,12412.00,66716
20160208,12405.00,12500.00,12400.00,12400.00,12407.00,129708
20160209,12400.00,13020.00,12400.00,12611.00,12599.00,185994
20160210,12610.00,12991.00,12450.00,12470.00,12591.00,37524
20160213,12401.00,12670.00,12401.00,12560.00,12577.00,21606
20160214,12411.00,12900.00,12400.00,12450.00,12500.00,128524
20160215,12400.00,12500.00,12400.00,12400.00,12484.00,51695
20160216,12350.00,12360.00,11971.00,11971.00,12459.00,34207
20160217,12278.00,12440.00,11999.00,12300.00,12381.00,110891
20160220,12310.00,12350.00,12100.00,12350.00,12295.00,146446
20160221,12100.00,12101.00,12100.00,12100.00,12266.00,41819
20160222,12102.00,12180.00,12100.00,12101.00,12250.00,27190
20160223,12100.00,12102.00,12100.00,12100.00,12131.00,222365
20160224,12100.00,12395.00,12100.00,12393.00,12134.00,14150
20160227,12200.00,12450.00,12200.00,12450.00,12142.00,21026
20160228,12300.00,12480.00,12300.00,12370.00,12190.00,72496
20160229,12340.00,12700.00,12321.00,12700.00,12231.00,49164
20160301,12340.00,12500.00,12340.00,12411.00,12274.00,67135
20160302,12401.00,12750.00,12401.00,12600.00,12337.00,79125
20160305,12600.00,12600.00,12500.00,12500.00,12375.00,52459
20160306,12993.00,12993.00,12993.00,12993.00,12471.00,43518
20160307,13002.00,13094.00,12998.00,12998.00,12718.00,122034
20160308,13090.00,13090.00,12610.00,13086.00,12825.00,89241
20160309,13000.00,13000.00,12601.00,12601.00,12739.00,154860
20160312,12603.00,13375.00,12602.00,13375.00,13232.00,242241
20160314,13011.00,13893.00,13001.00,13893.00,13486.00,137774
20160315,13895.00,13895.00,13500.00,13701.00,13517.00,66553
20160316,13500.00,13699.00,13004.00,13014.00,13638.00,417893
20160327,12958.00,13500.00,12958.00,13003.00,13635.00,1352
20160328,13000.00,13024.00,13000.00,13010.00,13616.00,8634
20160329,12970.00,13100.00,12936.00,13050.00,13579.00,15298
20160330,13100.00,13219.00,12920.00,13219.00,13568.00,7951
20160402,12900.00,13300.00,12900.00,13300.00,13538.00,21786
20160403,12865.00,13390.00,12865.00,13350.00,13534.00,2598
20160404,12999.00,13390.00,12858.00,13100.00,13404.00,54583
20160405,12815.00,12850.00,12815.00,12850.00,13396.00,4180
20160406,12900.00,12900.00,12760.00,12763.00,13367.00,13253
20160409,12700.00,12800.00,12699.00,12800.00,13269.00,41275
20160410,12699.00,12750.00,12699.00,12699.00,13215.00,26566
20160411,12600.00,12870.00,12600.00,12840.00,13094.00,58962
20160412,12611.00,12611.00,12440.00,12440.00,12490.00,266426
20160413,12564.00,12564.00,12000.00,12252.00,12486.00,5650
20160416,12301.00,12301.00,12300.00,12300.00,12471.00,23029
20160417,12300.00,12400.00,12300.00,12300.00,12458.00,22076
20160418,12350.00,12450.00,12300.00,12350.00,12455.00,11887
20160419,12352.00,12500.00,12351.00,12500.00,12443.00,46125
20160420,12351.00,12600.00,12351.00,12600.00,12446.00,6958
20160423,12400.00,12740.00,12400.00,12740.00,12450.00,5901
20160424,12416.00,12699.00,12351.00,12699.00,12446.00,13650
20160425,12352.00,12500.00,12351.00,12500.00,12446.00,17127
20160426,12350.00,12680.00,12330.00,12500.00,12492.00,376569
20160427,12360.00,12500.00,12360.00,12360.00,12485.00,30788
20160430,12698.00,12698.00,12411.00,12600.00,12489.00,11399
20160501,12401.00,12600.00,12360.00,12500.00,12486.00,14906
20160502,12689.00,13068.00,12500.00,13000.00,12636.00,233457
20160503,12651.00,13068.00,12651.00,13068.00,12652.00,38761
20160504,12682.00,12700.00,12655.00,12655.00,12655.00,31451
20160507,12989.00,13000.00,12750.00,12999.00,12665.00,8200
20160508,12750.00,13068.00,12750.00,13068.00,12696.00,26779
20160509,12768.00,13110.00,12768.00,13110.00,12717.00,17113
20160510,13250.00,13352.00,12772.00,13350.00,12810.00,44078
20160511,13450.00,13450.00,13101.00,13200.00,12921.00,51871
20160514,13200.00,13444.00,13200.00,13200.00,12982.00,60973
20160515,13202.00,13500.00,13200.00,13500.00,13113.00,151023
20160516,13200.00,13767.00,13200.00,13251.00,13204.00,49494
20160517,13310.00,13864.00,13301.00,13864.00,13546.00,148329
20160518,13260.00,13995.00,13250.00,13990.00,13564.00,35177
20160521,13950.00,13950.00,13271.00,13900.00,13565.00,19931
20160523,13800.00,13800.00,13311.00,13600.00,13555.00,13133
20160524,13288.00,13500.00,13288.00,13402.00,13550.00,6074
20160525,13550.00,13700.00,13500.00,13645.00,13549.00,23051
20160528,13550.00,13900.00,13550.00,13900.00,13565.00,73020
20160529,13800.00,14000.00,13800.00,13997.00,13650.00,62081
20160530,13996.00,14000.00,13990.00,14000.00,13704.00,42932
20160531,13900.00,14110.00,13900.00,14098.00,13931.00,164346
20160601,14000.00,14200.00,13900.00,14200.00,14032.00,154735
20160608,12851.00,12945.00,12600.00,12945.00,12752.00,120795
20160611,13220.00,13220.00,12630.00,12630.00,12706.00,106817
20160612,13130.00,13130.00,12651.00,13040.00,12708.00,4236
20160613,12630.00,13000.00,12630.00,12990.00,12708.00,6485
20160614,12651.00,12800.00,12630.00,12800.00,12697.00,47154
20160615,12697.00,12730.00,12632.00,12730.00,12695.00,9757
20160618,12890.00,12890.00,12630.00,12630.00,12690.00,20910
20160619,12630.00,12632.00,12630.00,12630.00,12688.00,7499
20160620,12632.00,12720.00,12630.00,12720.00,12686.00,8896
20160621,12631.00,12720.00,12630.00,12630.00,12681.00,27130
20160622,12720.00,12900.00,12630.00,12670.00,12681.00,25373
20160625,12633.00,12900.00,12630.00,12900.00,12679.00,9000
20160626,12630.00,12900.00,12630.00,12800.00,12707.00,48359
20160628,12951.00,13342.00,12900.00,13342.00,12926.00,188814
20160629,13350.00,13350.00,13000.00,13000.00,12940.00,37952
20160702,12801.00,12801.00,12751.00,12751.00,12939.00,1823
20160703,12754.00,13351.00,12750.00,13351.00,12938.00,4656
20160704,12940.00,12940.00,12760.00,12899.00,12936.00,4229
20160705,12751.00,12752.00,12700.00,12700.00,12899.00,46616
20160709,12899.00,13385.00,12800.00,12800.00,12888.00,39777
20160710,12801.00,12802.00,12800.00,12800.00,12886.00,7813
20160711,13100.00,13100.00,13100.00,13100.00,12886.00,183
20160712,12805.00,12806.00,12805.00,12805.00,12885.00,5150
20160713,12801.00,12808.00,12801.00,12808.00,12884.00,2386
20160716,13135.00,13190.00,12851.00,12851.00,12886.00,2029
20160717,12801.00,12809.00,12801.00,12809.00,12886.00,1057
20160718,12802.00,13000.00,12802.00,12807.00,12886.00,13041
20160719,12805.00,12810.00,12705.00,12761.00,12861.00,81835
20160720,12900.00,13280.00,12900.00,13280.00,12894.00,31307
20160723,13240.00,13536.00,13240.00,13500.00,12986.00,45028
20160724,13536.00,13635.00,13240.00,13240.00,13003.00,15708
20160725,13240.00,13245.00,13240.00,13245.00,13014.00,12737
20160726,13241.00,13241.00,13113.00,13116.00,13025.00,20340
20160727,13012.00,13090.00,13012.00,13090.00,13025.00,7472
20160731,13299.00,13299.00,13090.00,13201.00,13029.00,5547
20160801,13029.00,13195.00,13002.00,13008.00,13029.00,25411
20160802,13200.00,13377.00,13008.00,13200.00,13031.00,5262
20160803,13200.00,13600.00,13100.00,13600.00,13053.00,8677
20160806,13500.00,13600.00,13400.00,13400.00,13072.00,11874
20160807,13400.00,13401.00,13330.00,13330.00,13135.00,53828
20160808,13330.00,13540.00,13296.00,13313.00,13298.00,202408
20160809,13313.00,13686.00,13301.00,13686.00,13317.00,26356
20160810,13450.00,13790.00,13440.00,13510.00,13541.00,171890
20160813,13421.00,14210.00,13421.00,13800.00,13860.00,419402
20160814,13860.00,13860.00,13799.00,13800.00,13858.00,11444
20160815,13990.00,14000.00,13801.00,13801.00,13858.00,3720
20160816,13701.00,13940.00,13701.00,13858.00,13858.00,33280
20160817,13989.00,14199.00,13910.00,14199.00,14000.00,970704
20160820,14400.00,14620.00,14100.00,14600.00,14474.00,949703
20160821,14286.00,14360.00,14200.00,14210.00,14469.00,5671
20160822,14010.00,14450.00,14010.00,14200.00,14453.00,27417
20160823,14571.00,14571.00,13950.00,14150.00,14448.00,4608
20160824,13964.00,13964.00,13964.00,13964.00,14448.00,2
20160827,14000.00,14470.00,13966.00,13971.00,14386.00,37972
20160828,14200.00,14200.00,13906.00,13906.00,14328.00,37504
20160829,13920.00,13955.00,13920.00,13955.00,14327.00,1100
20160830,13956.00,13956.00,13906.00,13906.00,14297.00,20926
20160831,13945.00,13945.00,13941.00,13941.00,14293.00,3001
20160903,14270.00,14280.00,13930.00,13931.00,14290.00,2729
20160904,13925.00,13941.00,13915.00,13920.00,14267.00,17418
20160905,13920.00,14388.00,13920.00,14330.00,14269.00,12742
20160906,14388.00,14388.00,13906.00,14200.00,14225.00,56080
20160907,13906.00,13950.00,13906.00,13950.00,14073.00,133600
20160910,13952.00,13952.00,13951.00,13952.00,13995.00,181475
20160911,13955.00,14349.00,13955.00,14349.00,14001.00,9795
20160913,14250.00,14299.00,14250.00,14299.00,14001.00,70
20160914,14200.00,14210.00,13955.00,13955.00,14001.00,2149
20160917,14000.00,14000.00,13952.00,13952.00,14000.00,4049
20160918,14090.00,14090.00,14000.00,14000.00,14000.00,900
20160919,14298.00,14299.00,14000.00,14000.00,14002.00,4355
20160921,14005.00,14005.00,14000.00,14000.00,14002.00,21912
20160924,14000.00,14100.00,14000.00,14000.00,14002.00,22835
20160925,14001.00,14200.00,14000.00,14200.00,14002.00,4039
20160926,14200.00,14200.00,14000.00,14000.00,14004.00,10209
20160927,14001.00,14001.00,14000.00,14000.00,14004.00,18283
20160928,14000.00,14001.00,14000.00,14000.00,14004.00,33448
20161001,14000.00,14051.00,14000.00,14000.00,14005.00,41862
20161002,14000.00,14003.00,14000.00,14003.00,14005.00,7522
20161003,14001.00,14001.00,14000.00,14001.00,14004.00,31298
20161004,14001.00,14001.00,14000.00,14001.00,14004.00,4139
20161005,14100.00,14199.00,14000.00,14000.00,14004.00,15713
20161008,14000.00,14090.00,13950.00,14090.00,14002.00,22028
20161009,14000.00,14001.00,14000.00,14001.00,14002.00,10704
20161010,14001.00,14001.00,14000.00,14000.00,14002.00,36377
20161015,14235.00,14235.00,14001.00,14001.00,14002.00,10004
20161016,14001.00,14001.00,14000.00,14000.00,14002.00,15361
20161017,14000.00,14001.00,14000.00,14000.00,14002.00,27210
20161018,14000.00,14101.00,14000.00,14000.00,14004.00,14104
20161019,14000.00,14112.00,14000.00,14112.00,14003.00,109325
20161022,14020.00,14200.00,14020.00,14200.00,14004.00,9015
20161023,14031.00,14031.00,14030.00,14030.00,14004.00,4100
20161024,14175.00,14175.00,14000.00,14000.00,14009.00,104924
20161025,14000.00,14159.00,14000.00,14000.00,14004.00,166981
20161026,14000.00,14010.00,13990.00,14000.00,14002.00,124434
20161029,14005.00,14199.00,14000.00,14175.00,14002.00,81984
20161030,14188.00,14285.00,14001.00,14001.00,14003.00,3690
20161031,14000.00,14239.00,14000.00,14000.00,14003.00,11737
20161101,14050.00,14050.00,13950.00,13950.00,13997.00,32766
20161102,13951.00,13951.00,13950.00,13950.00,13996.00,4100
20161105,14000.00,14000.00,14000.00,14000.00,13997.00,39616
20161106,14000.00,14050.00,13950.00,14050.00,14009.00,169294
20161107,14002.00,14100.00,14001.00,14040.00,14009.00,5602
20161108,14001.00,14299.00,14001.00,14140.00,14019.00,16278
20161109,14051.00,14060.00,14051.00,14060.00,14023.00,34232
20161112,14155.00,14155.00,14150.00,14155.00,14026.00,5888
20161113,14230.00,14231.00,14100.00,14200.00,14040.00,19923
20161114,14200.00,14250.00,14100.00,14250.00,14042.00,2795
20161115,14107.00,14107.00,14107.00,14107.00,14042.00,385
20161116,14200.00,14500.00,14200.00,14500.00,14299.00,168840
20161119,14400.00,14550.00,14350.00,14350.00,14302.00,6542
20161121,14356.00,14550.00,14356.00,14550.00,14303.00,1358
20161122,14570.00,14571.00,14350.00,14353.00,14309.00,25675
20161123,14500.00,14571.00,14500.00,14571.00,14314.00,6711
20161126,14350.00,14555.00,14350.00,14555.00,14326.00,62393
20161127,14370.00,14370.00,14360.00,14361.00,14327.00,8187
20161129,14590.00,14590.00,14371.00,14371.00,14328.00,6364
20161203,14362.00,14400.00,14362.00,14400.00,14329.00,11003
20161204,14361.00,14400.00,14361.00,14400.00,14336.00,35335
20161205,14652.00,14700.00,14400.00,14400.00,14337.00,4453
20161206,14450.00,15053.00,14379.00,15052.00,14383.00,25904
20161207,15102.00,15102.00,14435.00,14435.00,14508.00,250135
20161210,14404.00,15233.00,14404.00,15230.00,14575.00,121112
20161211,15200.00,15299.00,14800.00,15200.00,14607.00,30152
20161212,15300.00,15300.00,14920.00,15200.00,14796.00,97566
20161213,14900.00,15350.00,14900.00,15350.00,14818.00,13901
20161214,15000.00,15558.00,15000.00,15558.00,14881.00,26702
20161218,15200.00,15625.00,15200.00,15625.00,15373.00,286849
20161219,15680.00,16000.00,15500.00,16000.00,15445.00,37098
20161220,16090.00,16090.00,15520.00,16000.00,15507.00,32836
20161221,15650.00,15650.00,15185.00,15204.00,15505.00,2366
20161224,15890.00,15998.00,15003.00,15007.00,15506.00,979
20161225,15023.00,15300.00,15020.00,15100.00,15452.00,41160
20161226,15288.00,15400.00,15288.00,15400.00,15445.00,27081
20161227,15250.00,15600.00,15250.00,15599.00,15452.00,49473
20161228,15600.00,15600.00,15410.00,15500.00,15456.00,23416
20161231,15600.00,15600.00,15350.00,15350.00,15451.00,17192
20170101,15355.00,15450.00,15350.00,15450.00,15449.00,10751
20170102,15350.00,15501.00,15350.00,15500.00,15447.00,6570
20170103,15500.00,15899.00,15500.00,15899.00,15454.00,13498
20170104,15450.00,15890.00,15347.00,15890.00,15438.00,505286
20170107,15454.00,15456.00,15401.00,15401.00,15436.00,73493
20170108,15410.00,15980.00,15404.00,15758.00,15759.00,175179
20170109,15980.00,15980.00,15761.00,15761.00,15759.00,2570
20170111,15651.00,15950.00,15550.00,15950.00,15755.00,9920
20170114,15555.00,15800.00,15555.00,15562.00,15755.00,5704
20170115,15562.00,15850.00,15562.00,15562.00,15753.00,3509
20170116,15850.00,15850.00,15511.00,15511.00,15751.00,3423
20170117,15525.00,15760.00,15401.00,15760.00,15489.00,210524
20170118,15420.00,15450.00,15401.00,15401.00,15449.00,126000
20170121,15450.00,15500.00,15405.00,15405.00,15447.00,16794
20170122,15410.00,15440.00,15402.00,15402.00,15446.00,7574
20170123,15405.00,15601.00,15405.00,15601.00,15446.00,3959
20170124,15405.00,15406.00,15404.00,15404.00,15445.00,4200
20170125,15404.00,15490.00,15404.00,15404.00,15445.00,4490
20170128,15400.00,15490.00,15300.00,15300.00,15352.00,214928
20170129,15264.00,15451.00,15264.00,15450.00,15353.00,7069
20170130,15411.00,15550.00,15411.00,15550.00,15355.00,4406
20170131,15415.00,15415.00,15262.00,15262.00,15357.00,1029849
20170201,15263.00,15263.00,14850.00,14850.00,14867.00,279810
20170204,14950.00,15600.00,14950.00,15600.00,15494.00,301958
20170205,15600.00,15600.00,15300.00,15300.00,15494.00,38026
20170206,15100.00,15250.00,15100.00,15100.00,15478.00,13379
20170207,15250.00,15400.00,15100.00,15100.00,15350.00,156899
20170208,15050.00,15050.00,15050.00,15050.00,15349.00,572
20170211,15030.00,15050.00,15000.00,15000.00,15347.00,2050
20170212,15050.00,15050.00,15000.00,15000.00,15339.00,6400
20170213,15020.00,15380.00,15000.00,15000.00,15328.00,19195
20170214,15300.00,15300.00,15000.00,15000.00,15309.00,17294
20170215,15000.00,16074.00,15000.00,16000.00,15871.00,355709
20170218,15900.00,16663.00,15100.00,16600.00,16373.00,497816
20170227,11800.00,12329.00,11800.00,12300.00,11804.00,52477
20170228,12050.00,12050.00,11340.00,11340.00,11804.00,12760
20170301,11500.00,11650.00,11340.00,11650.00,11803.00,693
20170304,12050.00,12050.00,11250.00,11250.00,11766.00,35140
20170305,11210.00,11220.00,11200.00,11220.00,11762.00,3117
20170306,11210.00,11500.00,11200.00,11200.00,11757.00,3837
20170307,11175.00,11210.00,11174.00,11200.00,11749.00,5651
20170308,11700.00,11700.00,11200.00,11200.00,11744.00,3510
20170311,11800.00,11800.00,11157.00,11157.00,11721.00,17110
20170312,11699.00,11721.00,11136.00,11136.00,11715.00,559354
20170313,11200.00,11530.00,11200.00,11530.00,11715.00,100
20170314,11400.00,11400.00,11150.00,11150.00,11707.00,6687
20170315,11200.00,11798.00,11200.00,11794.00,11681.00,22655
20170318,11795.00,11797.00,11795.00,11797.00,11683.00,7310
20170325,11798.00,11798.00,11798.00,11798.00,11683.00,10
20170326,11700.00,11800.00,11700.00,11800.00,11683.00,644
20170327,11948.00,11948.00,11948.00,11948.00,11683.00,10
20170328,11700.00,11700.00,11700.00,11700.00,11683.00,3984
20170404,11100.00,11997.00,11099.00,11997.00,11680.00,4092
20170405,11102.00,11997.00,11102.00,11997.00,11681.00,1401
20170408,11998.00,11998.00,11998.00,11998.00,11681.00,124
20170409,11201.00,11201.00,11201.00,11201.00,11681.00,100
20170410,11188.00,12100.00,11097.00,11122.00,11559.00,102697
20170412,11130.00,11130.00,11120.00,11121.00,11555.00,3510
20170415,11555.00,11555.00,11170.00,11173.00,11554.00,5150
20170416,11800.00,11800.00,10977.00,11075.00,11548.00,5009
20170417,11779.00,11779.00,11698.00,11699.00,11548.00,320
20170419,11750.00,11750.00,11600.00,11600.00,11549.00,7725
20170422,11850.00,12000.00,11400.00,12000.00,11551.00,12625
20170423,11300.00,12000.00,11300.00,11300.00,11551.00,501
20170424,11999.00,12000.00,11990.00,12000.00,11562.00,10000
20170426,11352.00,12001.00,11351.00,11600.00,11562.00,10688
20170429,11400.00,11400.00,10985.00,10985.00,11557.00,6579
20170430,11562.00,11600.00,11350.00,11600.00,11555.00,9632
20170501,11555.00,12000.00,11555.00,12000.00,11559.00,4033
20170502,11501.00,11501.00,11450.00,11450.00,11558.00,5582
20170503,11600.00,11600.00,11404.00,11600.00,11558.00,2200
20170506,11998.00,11998.00,11752.00,11752.00,11560.00,2195
20170507,11558.00,11560.00,11215.00,11216.00,11551.00,15000
20170508,11600.00,11980.00,11600.00,11980.00,11554.00,3300
20170509,11631.00,11631.00,11554.00,11554.00,11555.00,6000
20170510,11555.00,11979.00,11430.00,11430.00,11555.00,4900
20170513,11555.00,11555.00,11250.00,11250.00,11554.00,2885
20170514,11554.00,11555.00,11554.00,11555.00,11554.00,2186
20170515,11554.00,11554.00,11554.00,11554.00,11554.00,500
20170516,11555.00,11555.00,11322.00,11322.00,11553.00,4188
20170517,11200.00,11500.00,11185.00,11500.00,11545.00,9501
20170520,11650.00,11999.00,11650.00,11996.00,11548.00,3060
20170521,11670.00,11670.00,11670.00,11670.00,11548.00,500
20170522,11900.00,11900.00,11670.00,11900.00,11553.00,6787
20170523,11998.00,11998.00,11570.00,11570.00,11553.00,3057
20170524,11552.00,11552.00,11552.00,11552.00,11553.00,7235
20170527,11500.00,11600.00,11500.00,11600.00,11553.00,5100
20170528,11500.00,11600.00,11410.00,11475.00,11553.00,7366
20170529,11500.00,11570.00,11210.00,11210.00,11439.00,145581
20170530,11400.00,11750.00,11189.00,11750.00,11475.00,75251
20170531,11500.00,11500.00,11500.00,11500.00,11475.00,2000
20170603,11800.00,11800.00,11400.00,11550.00,11475.00,1462
20170606,11188.00,11750.00,11188.00,11750.00,11475.00,1250
20170607,11402.00,11402.00,11400.00,11401.00,11475.00,1483
20170610,11361.00,11361.00,11114.00,11201.00,11472.00,4600
20170611,11630.00,11630.00,11630.00,11630.00,11472.00,250
20170612,11750.00,11750.00,11302.00,11302.00,11472.00,320
20170613,11310.00,11311.00,11310.00,11311.00,11472.00,151
20170614,11357.00,11757.00,11242.00,11242.00,11470.00,3510
20170617,11589.00,11589.00,11225.00,11225.00,11469.00,2915
20170618,11500.00,11500.00,11239.00,11239.00,11469.00,2500
20170619,11500.00,11981.00,11500.00,11981.00,11482.00,14919
20170621,11600.00,12000.00,11600.00,11999.00,11531.00,83906
20170624,11999.00,11999.00,11500.00,11700.00,11531.00,275
20170625,11510.00,11510.00,11501.00,11501.00,11531.00,3823
20170628,11600.00,11600.00,11450.00,11450.00,11531.00,5001
20170701,11700.00,11700.00,11450.00,11460.00,11529.00,20418
20170702,11500.00,11501.00,11500.00,11501.00,11529.00,3500
20170703,11501.00,11999.00,11501.00,11504.00,11529.00,394
20170704,11401.00,11504.00,11401.00,11504.00,11529.00,1378
20170705,11503.00,11601.00,11503.00,11600.00,11538.00,51878
20170708,11700.00,11999.00,11612.00,11999.00,11560.00,24000
20170709,11413.00,12050.00,11413.00,12050.00,11595.00,33602
20170710,11850.00,11901.00,11610.00,11901.00,11602.00,12017
20170711,12000.00,12131.00,11611.00,11650.00,11674.00,71296
20170712,11850.00,12257.00,11850.00,12257.00,11940.00,371800
20170715,12537.00,12537.00,12537.00,12537.00,12537.00,37119925
20170716,13163.00,13163.00,13163.00,13163.00,13163.00,733229
20170717,13821.00,13821.00,13821.00,13821.00,13821.00,2848844
20170726,15250.00,16012.00,15011.00,15261.00,15656.00,10670676
20170729,15450.00,16100.00,15450.00,15504.00,15749.00,2014837
20170730,15797.00,15982.00,15500.00,15599.00,15713.00,1307127
20170731,15501.00,15789.00,15500.00,15699.00,15583.00,969818
20170801,15700.00,16362.00,15600.00,16000.00,16155.00,1887684
20170802,16000.00,16000.00,15406.00,15658.00,15696.00,464057
20170806,15700.00,15800.00,15020.00,15200.00,15156.00,639942
20170807,15001.00,15006.00,14399.00,14399.00,14602.00,1090207
20170808,14500.00,14990.00,13909.00,14973.00,14600.00,1666370
20170809,14777.00,15179.00,14300.00,14311.00,14665.00,146431
20170812,14900.00,14900.00,13932.00,14050.00,14230.00,2147044
20170813,14230.00,14230.00,13650.00,13700.00,14047.00,178971
20170814,14047.00,14047.00,13410.00,13450.00,13783.00,265753
20170815,13800.00,13800.00,13100.00,13700.00,13384.00,771157
20170816,13649.00,13990.00,13000.00,13499.00,13408.00,712134
20170819,13358.00,14078.00,12950.00,14078.00,13682.00,2533095
20170820,14299.00,14299.00,13900.00,13920.00,14099.00,1010572
20170821,14176.00,14176.00,13401.00,13899.00,13710.00,445128
20170822,13800.00,13899.00,13262.00,13899.00,13599.00,474616
20170823,13207.00,13942.00,13207.00,13780.00,13602.00,244223
20170826,13610.00,13800.00,13258.00,13258.00,13522.00,174280
20170827,13220.00,13649.00,13000.00,13150.00,13417.00,147818
20170828,13015.00,13444.00,13011.00,13078.00,13121.00,479068
20170829,13448.00,13490.00,13054.00,13200.00,13143.00,605612
20170830,13020.00,13296.00,13014.00,13240.00,13159.00,289405
20170902,13017.00,13350.00,13015.00,13152.00,13167.00,163311
20170903,13100.00,13699.00,13100.00,13168.00,13227.00,218431
20170904,13550.00,13660.00,13100.00,13398.00,13395.00,379965
20170905,13201.00,13283.00,13050.00,13050.00,13303.00,122730
20170906,13041.00,13190.00,12655.00,13090.00,13138.00,237259
20170910,13010.00,13140.00,12740.00,12910.00,13066.00,135669
20170911,12647.00,12790.00,12413.00,12413.00,12486.00,672957
20170912,11900.00,12000.00,11862.00,11862.00,11872.00,433858
20170913,11279.00,12200.00,11279.00,12200.00,11404.00,2913443
20170916,11700.00,11974.00,11502.00,11849.00,11954.00,948327
20170917,12090.00,12090.00,11446.00,11797.00,11752.00,499861
20170918,11752.00,12102.00,11560.00,12100.00,12016.00,467106
20170919,12016.00,12149.00,11900.00,12139.00,12025.00,289188
20170920,11950.00,12117.00,11730.00,11730.00,11935.00,411033
20170923,11730.00,11850.00,11339.00,11660.00,11345.00,1079229
20170924,11674.00,11912.00,11150.00,11800.00,11731.00,555205
20170925,11731.00,11950.00,11210.00,11539.00,11517.00,548233
20170926,11545.00,11640.00,11215.00,11215.00,11456.00,214613
20170927,11480.00,11480.00,11112.00,11200.00,11277.00,323972
20171002,11100.00,11500.00,11100.00,11477.00,11254.00,474827
20171003,11499.00,11499.00,11154.00,11347.00,11262.00,79476
20171004,11347.00,11347.00,11057.00,11280.00,11200.00,224628
20171007,11061.00,11337.00,11025.00,11100.00,11156.00,554059
20171008,11026.00,11200.00,10599.00,11183.00,10904.00,663824
20171009,11000.00,11295.00,11000.00,11229.00,11076.00,209236
20171010,11150.00,11399.00,10909.00,10909.00,11114.00,265623
20171011,11120.00,11300.00,10950.00,11200.00,11134.00,228942
20171014,11322.00,11497.00,11150.00,11390.00,11249.00,185807
20171015,11210.00,11525.00,11200.00,11489.00,11392.00,317232
20171016,11499.00,11499.00,11290.00,11420.00,11392.00,188192
20171017,11320.00,11450.00,11276.00,11400.00,11386.00,118493
20171018,11339.00,11498.00,11002.00,11270.00,11266.00,686638
20171021,10989.00,11451.00,10986.00,11000.00,11126.00,326997
20171022,10985.00,11188.00,10840.00,11165.00,10990.00,550561
20171023,11150.00,11229.00,10900.00,11229.00,11080.00,199637
20171024,11100.00,11200.00,10801.00,10801.00,11033.00,217056
20171025,10711.00,10997.00,10710.00,10800.00,10945.00,256335
20171028,10850.00,10899.00,10399.00,10500.00,10740.00,287001
20171029,10578.00,10850.00,10578.00,10843.00,10660.00,277074
20171030,10852.00,10852.00,10131.00,10300.00,10576.00,105562
20171031,10364.00,10510.00,10350.00,10510.00,10469.00,356009
20171101,10710.00,10808.00,10381.00,10502.00,10554.00,598020
20171104,10554.00,11081.00,10554.00,11081.00,10705.00,292441
20171105,11106.00,11240.00,11106.00,11240.00,11232.00,832285
20171106,11490.00,11500.00,11107.00,11299.00,11258.00,197807
20171107,11300.00,11330.00,10920.00,11269.00,11243.00,167068
20171108,11200.00,11200.00,11000.00,11000.00,11187.00,94025
20171111,10927.00,11249.00,10927.00,11000.00,11100.00,190156
20171112,10900.00,11199.00,10900.00,11177.00,11095.00,113691
20171113,10862.00,11180.00,10862.00,11010.00,11036.00,128780
20171114,11130.00,11180.00,10851.00,11050.00,11019.00,198623
20171115,11019.00,11212.00,10900.00,11000.00,11006.00,308331
20171118,11006.00,11006.00,10900.00,10902.00,10968.00,181407
20171120,10913.00,11030.00,10756.00,11000.00,10946.00,373881
20171121,11000.00,11489.00,11000.00,11360.00,11306.00,722586
20171122,11300.00,11476.00,11100.00,11399.00,11327.00,862141
20171125,11449.00,11450.00,11201.00,11202.00,11342.00,111523
20171126,11000.00,11300.00,11000.00,11037.00,11244.00,195072
20171128,11050.00,11056.00,10950.00,10950.00,11043.00,331181
20171129,10901.00,11260.00,10900.00,10946.00,10986.00,269294
20171202,10940.00,11535.00,10940.00,11535.00,11250.00,740323
20171203,11595.00,11720.00,11300.00,11371.00,11402.00,1263253
20171204,11361.00,11680.00,11030.00,11660.00,11379.00,1315157
20171205,11661.00,11869.00,11380.00,11840.00,11791.00,697279
20171209,11871.00,12240.00,11720.00,12199.00,12094.00,1445580
20171210,12299.00,12299.00,11512.00,11990.00,12092.00,315452
20171211,11750.00,11985.00,11650.00,11940.00,11929.00,214364
20171212,12050.00,12200.00,11690.00,11919.00,12031.00,1417940
20171213,11940.00,12050.00,11430.00,11982.00,11632.00,1887953
20171216,11790.00,11965.00,11705.00,11799.00,11915.00,1019941
20171217,11900.00,12068.00,11840.00,11840.00,12021.00,657637
20171218,11950.00,11950.00,11600.00,11839.00,11878.00,193112
20171219,11560.00,11988.00,11500.00,11802.00,11799.00,132417
20171220,11411.00,11900.00,11300.00,11500.00,11834.00,1503262
20171223,11790.00,11933.00,11701.00,11899.00,11827.00,323449
20171224,11480.00,11944.00,11400.00,11700.00,11635.00,287603
20171225,11635.00,11800.00,11500.00,11799.00,11670.00,466545
20171226,11670.00,11748.00,11400.00,11710.00,11646.00,77573
20171227,11650.00,11744.00,11400.00,11700.00,11592.00,157506
20171230,11585.00,11640.00,11330.00,11610.00,11510.00,188562
20171231,11700.00,11700.00,11004.00,11450.00,11280.00,351761
20180101,10730.00,11844.00,10730.00,11844.00,11730.00,3941820
20180102,11990.00,12140.00,11731.00,11899.00,11853.00,618418
20180103,11997.00,12170.00,11735.00,11830.00,12101.00,673356
20180106,11800.00,12000.00,11740.00,11990.00,12089.00,33387
20180107,11992.00,12149.00,11661.00,12100.00,12099.00,611232
20180108,12185.00,12577.00,12000.00,12577.00,12409.00,1533141
20180109,12629.00,12900.00,12351.00,12850.00,12740.00,1322832
20180110,12999.00,13337.00,12660.00,13035.00,13144.00,1584055
20180113,13151.00,13340.00,12955.00,12985.00,13183.00,221717
20180114,13200.00,13286.00,12690.00,12690.00,13170.00,209291
20180115,12899.00,12899.00,12512.00,12699.00,12716.00,305157
20180116,12711.00,12900.00,12300.00,12888.00,12724.00,94485
20180117,12888.00,12978.00,12530.00,12827.00,12725.00,2665654
20180120,12700.00,12700.00,12277.00,12301.00,12562.00,167761
20180121,12343.00,13190.00,12221.00,13190.00,13034.00,2437863
20180122,13570.00,13570.00,13036.00,13400.00,13463.00,1454644
20180123,13500.00,13561.00,13120.00,13195.00,13463.00,2642738
20180124,13200.00,13200.00,12865.00,13000.00,13136.00,319869
20180127,13250.00,13250.00,12540.00,12649.00,13113.00,114232
20180128,12655.00,13099.00,12525.00,12990.00,12988.00,92000
20180129,12611.00,13000.00,12550.00,13000.00,12945.00,99627
20180130,12999.00,13000.00,12400.00,12750.00,12692.00,204475
20180131,12320.00,12850.00,12311.00,12705.00,12706.00,108909
20180203,12433.00,12701.00,12390.00,12699.00,12602.00,248784
20180204,12421.00,13100.00,12365.00,12675.00,12686.00,862668
20180205,12680.00,12700.00,12502.00,12700.00,12686.00,172508
20180206,12990.00,12990.00,12450.00,12750.00,12636.00,108724
20180207,12960.00,12960.00,12500.00,12940.00,12650.00,1191776
20180210,12650.00,12700.00,12550.00,12689.00,12623.00,200701
20180212,12500.00,12899.00,12430.00,12850.00,12639.00,76174
20180213,12600.00,12809.00,12375.00,12450.00,12619.00,53422
20180214,12389.00,12889.00,12380.00,12860.00,12612.00,180895
20180217,12450.00,12870.00,12400.00,12710.00,12613.00,128025
20180218,12613.00,12700.00,12613.00,12700.00,12618.00,315761
20180219,12845.00,13180.00,12800.00,12900.00,13040.00,676814
20180221,13000.00,13089.00,12900.00,13089.00,13035.00,50955
20180224,12643.00,13109.00,12574.00,12900.00,13018.00,599310
20180225,13099.00,13120.00,12800.00,13020.00,13078.00,349910
20180226,13040.00,13100.00,12930.00,13079.00,13048.00,907993
20180227,13000.00,13100.00,12900.00,13060.00,13020.00,450722
20180228,12900.00,13080.00,12900.00,13068.00,13022.00,31238
20180303,12900.00,13047.00,12900.00,12901.00,13021.00,3100
20180304,12900.00,13095.00,12855.00,13095.00,12929.00,428730
20180305,13079.00,13243.00,13050.00,13100.00,13208.00,1275479
20180306,13170.00,13170.00,12751.00,12850.00,13090.00,638074
20180307,13060.00,13079.00,12850.00,12850.00,13087.00,9110
20180310,12575.00,13052.00,12574.00,13001.00,13047.00,68408
20180311,12994.00,12994.00,12655.00,12977.00,12946.00,131298
20180312,12574.00,12996.00,12574.00,12950.00,12946.00,34399
20180313,12900.00,12986.00,12580.00,12900.00,12907.00,303654
20180314,12992.00,12994.00,12851.00,12988.00,12929.00,152082
20180317,12800.00,12996.00,12800.00,12940.00,12928.00,103924
20180318,12899.00,13000.00,12800.00,12997.00,12990.00,496089
20180319,12997.00,13097.00,12850.00,13097.00,13018.00,280875
20180325,13097.00,13100.00,13018.00,13100.00,13033.00,86313
20180326,13100.00,13100.00,12855.00,13099.00,13030.00,109421
20180327,12823.00,13089.00,12823.00,13088.00,13026.00,21565
20180328,13092.00,13092.00,12990.00,12990.00,13026.00,3100
20180403,12990.00,12990.00,12990.00,12990.00,13026.00,150
20180404,12852.00,12995.00,12823.00,12823.00,13025.00,1465
20180407,12975.00,12990.00,12900.00,12990.00,13022.00,22872
20180408,12823.00,12998.00,12823.00,12998.00,13010.00,24920
20180409,12850.00,12950.00,12800.00,12948.00,12972.00,131605
20180410,12872.00,12977.00,12825.00,12969.00,12937.00,108588
20180411,12900.00,12900.00,12785.00,12860.00,12908.00,134604
20180415,12765.00,12918.00,12765.00,12770.00,12899.00,58465
20180416,12910.00,12910.00,12775.00,12775.00,12896.00,22349
20180417,12770.00,12770.00,12750.00,12750.00,12862.00,98506
20180418,12750.00,12750.00,12750.00,12750.00,12845.00,60000
20180421,12651.00,12798.00,12651.00,12798.00,12827.00,54490
20180422,12750.00,12890.00,12541.00,12890.00,12681.00,282671
20180423,12501.00,12800.00,12500.00,12694.00,12682.00,150075
20180424,12500.00,12500.00,12500.00,12500.00,12680.00,4710
20180425,12480.00,12825.00,12480.00,12800.00,12670.00,160518
20180428,12410.00,12700.00,12410.00,12700.00,12670.00,856
20180429,12410.00,12640.00,12410.00,12640.00,12660.00,73318
20180430,12450.00,12450.00,12410.00,12410.00,12603.00,102244
20180501,12410.00,13134.00,12400.00,12999.00,12732.00,237981
20180505,12400.00,13050.00,12398.00,12500.00,12756.00,347925
20180506,12550.00,12750.00,12405.00,12750.00,12752.00,102685
20180507,12410.00,12411.00,12410.00,12411.00,12749.00,3394
20180508,12420.00,12880.00,12372.00,12380.00,12733.00,20500
20180509,12360.00,12740.00,12354.00,12720.00,12695.00,130591
20180512,12709.00,12710.00,12354.00,12600.00,12686.00,11742
20180513,12550.00,12550.00,12355.00,12356.00,12680.00,10374
20180514,12425.00,12999.00,12425.00,12460.00,12683.00,208601
20180515,12683.00,12683.00,12432.00,12450.00,12595.00,278100
20180516,12451.00,12994.00,12450.00,12994.00,12598.00,107927
20180519,12452.00,12910.00,12452.00,12850.00,12725.00,274369
20180521,12998.00,13498.00,12950.00,13480.00,13251.00,1139964
20180522,13186.00,13385.00,13186.00,13385.00,13255.00,13668
20180523,13399.00,13405.00,13100.00,13290.00,13327.00,200303
20180526,13000.00,13497.00,12900.00,13299.00,13313.00,72025
20180527,13200.00,13460.00,12851.00,13419.00,13328.00,99618
20180528,13399.00,13994.00,13399.00,13994.00,13765.00,801138
20180529,14453.00,14453.00,14265.00,14330.00,14416.00,382559
20180530,14410.00,14805.00,14000.00,14120.00,14586.00,606441
20180602,14700.00,14700.00,14000.00,14520.00,14453.00,238338
20180603,14453.00,14453.00,13950.00,14150.00,14429.00,37290
20180609,14599.00,14600.00,13708.00,13997.00,14105.00,223509
20180610,14250.00,14250.00,14000.00,14000.00,14105.00,600
20180611,13999.00,14300.00,13751.00,14300.00,14134.00,94806
20180612,14150.00,14300.00,13800.00,14200.00,14134.00,41429
20180613,13751.00,14400.00,13751.00,14298.00,14141.00,140531
20180617,13760.00,14380.00,13760.00,14153.00,14154.00,55994
20180618,14000.00,14050.00,13447.00,13447.00,13719.00,288874
20180619,13034.00,14000.00,13034.00,14000.00,13405.00,281446
20180620,13990.00,13995.00,13800.00,13810.00,13494.00,67500
20180623,13800.00,13999.00,13450.00,13699.00,13549.00,96181
20180624,13980.00,14000.00,13500.00,13800.00,13624.00,82955
20180625,13999.00,14305.00,13799.00,14289.00,13916.00,190104
20180626,14400.00,14400.00,13269.00,13269.00,13767.00,102170
20180627,14040.00,14040.00,13125.00,13997.00,13465.00,1120167
20180630,14100.00,14100.00,13460.00,13890.00,13478.00,17864
20180701,14150.00,14150.00,13900.00,13900.00,13482.00,3602
20180702,13799.00,13800.00,13500.00,13800.00,13490.00,101325
20180703,13320.00,13900.00,13210.00,13799.00,13383.00,192678
20180704,13300.00,13800.00,12900.00,13770.00,13105.00,757679
20180707,13760.00,13760.00,13760.00,13760.00,13307.00,123193
20180708,13972.00,13972.00,13972.00,13972.00,13972.00,413797
20180710,14670.00,14670.00,14670.00,14670.00,14553.00,333000
20180711,15280.00,15280.00,14001.00,14201.00,14975.00,2261978
20180714,14227.00,14900.00,14227.00,14588.00,14327.00,786253
20180715,14500.00,14980.00,13980.00,14540.00,14496.00,318773
20180716,14640.00,15188.00,14590.00,14600.00,14865.00,282389
20180717,15177.00,15250.00,14611.00,14611.00,15016.00,234791
20180718,14760.00,15300.00,14300.00,15300.00,15077.00,866658
20180724,14255.00,14255.00,13792.00,14040.00,14119.00,260242
20180725,14200.00,14400.00,13695.00,13701.00,14338.00,1005752
20180728,13710.00,13995.00,13622.00,13622.00,14273.00,39942
20180729,13560.00,13969.00,13560.00,13560.00,14096.00,99480
20180730,13550.00,13900.00,13392.00,13900.00,14044.00,41659
20180731,13343.00,14044.00,13342.00,14044.00,14017.00,81185
20180801,14185.00,14185.00,13357.00,13357.00,13990.00,39514
20180804,13750.00,13750.00,13304.00,13304.00,13989.00,948
20180805,13314.00,13980.00,13313.00,13850.00,13984.00,9572
20180806,13300.00,14200.00,13300.00,14198.00,14013.00,139810
20180807,13408.00,13420.00,13313.00,13313.00,13936.00,46822
20180808,13240.00,13240.00,13240.00,13240.00,13898.00,21738
20180811,13262.00,13300.00,13204.00,13204.00,13211.00,657425
20180812,13799.00,13799.00,13204.00,13300.00,13233.00,464158
20180813,13204.00,13498.00,13204.00,13250.00,13225.00,119929
20180814,13500.00,13700.00,13201.00,13636.00,13326.00,95726
20180815,13250.00,13992.00,13250.00,13992.00,13606.00,214850
20180818,14280.00,14286.00,14000.00,14000.00,14238.00,582490
20180819,14640.00,14640.00,14494.00,14500.00,14274.00,43209
20180820,14250.00,14530.00,13891.00,13891.00,14295.00,126319
20180821,13985.00,14000.00,13621.00,13621.00,13972.00,413412
20180825,13999.00,13999.00,13381.00,13400.00,13680.00,250253
20180826,13800.00,13800.00,12996.00,13480.00,13031.00,1434490
20180827,13052.00,13682.00,13020.00,13682.00,13343.00,4568902
20180828,14010.00,14010.00,13800.00,14010.00,14009.00,673138
20180829,14708.00,14708.00,14151.00,14705.00,14229.00,179579
20180901,14708.00,14708.00,13701.00,14469.00,14326.00,383624
20180902,14500.00,14500.00,13740.00,14280.00,14196.00,146292
20180903,14350.00,14350.00,13900.00,14270.00,14148.00,224660
20180904,14369.00,14369.00,13780.00,13974.00,14027.00,151440
20180905,14000.00,14400.00,14000.00,14028.00,14047.00,3060504
20180908,14457.00,14749.00,14300.00,14749.00,14700.00,1263639
20180909,15435.00,15435.00,15435.00,15435.00,15435.00,672715
20180910,16206.00,16206.00,15436.00,16206.00,16126.00,1259934
20180911,16300.00,17097.00,16262.00,16581.00,16925.00,1330775
20180912,17636.00,17636.00,16500.00,16899.00,16910.00,442728
20180915,16303.00,17600.00,16303.00,16980.00,16909.00,253472
20180916,17554.00,17554.00,16468.00,16720.00,16760.00,234505
20180917,16650.00,17149.00,16450.00,16759.00,16718.00,714950
20180918,16970.00,17553.00,16720.00,17553.00,17305.00,827452
20180922,18170.00,18170.00,18000.00,18170.00,18169.00,817024
20180923,18169.00,19077.00,18169.00,19077.00,18827.00,963478
20180924,19500.00,19768.00,19101.00,19694.00,19621.00,692363
20180925,19694.00,20550.00,19694.00,20300.00,20172.00,285950
20180926,20600.00,20600.00,19570.00,19572.00,20057.00,202595
20180929,20035.00,20500.00,19055.00,19376.00,19156.00,1174406
20180930,20000.00,20000.00,18199.00,19266.00,18787.00,3061101
20181001,19500.00,19500.00,17848.00,18295.00,18171.00,916422
20181002,17650.00,17650.00,17263.00,17263.00,17264.00,1032948
20181003,16410.00,16957.00,16402.00,16603.00,16476.00,884708
20181006,16852.00,16852.00,15654.00,15966.00,15769.00,1248735
20181007,15010.00,15754.00,15010.00,15700.00,15238.00,1267555
20181008,15500.00,15999.00,14950.00,15999.00,15262.00,3169311
20181009,16025.00,16025.00,16025.00,16025.00,15440.00,93227
20181010,16212.00,16212.00,16212.00,16212.00,15780.00,175982
20181013,16569.00,16569.00,16569.00,16569.00,16382.00,304987
20181014,17201.00,17201.00,17201.00,17201.00,16423.00,19993
20181015,18200.00,19079.00,17301.00,18970.00,18480.00,1434406
20181016,19189.00,19189.00,18010.00,18122.00,18345.00,390402
20181017,18121.00,18239.00,17720.00,18000.00,18211.00,185460
20181020,17892.00,18900.00,17791.00,18480.00,18436.00,345184
20181021,18500.00,18600.00,18000.00,18213.00,18105.00,1000838
20181022,18650.00,18650.00,17650.00,17791.00,17792.00,564909
20181023,18040.00,18040.00,17500.00,17530.00,17776.00,51990
20181024,17530.00,17850.00,17204.00,17738.00,17748.00,37676
20181027,17500.00,18599.00,17500.00,18242.00,18272.00,401626
20181028,17803.00,19111.00,17803.00,19000.00,18726.00,477379
20181029,19148.00,19500.00,18427.00,19340.00,18815.00,1090574
20181031,19347.00,19479.00,18569.00,19198.00,18936.00,290158
20181103,19352.00,19352.00,18390.00,18400.00,18775.00,151901
20181104,18608.00,18608.00,18346.00,18599.00,18650.00,133647
20181105,18492.00,19097.00,18469.00,18910.00,18711.00,167648
20181106,18200.00,19048.00,18200.00,19000.00,18766.00,140725
20181110,19096.00,19096.00,18600.00,18711.00,18784.00,59484
20181111,19000.00,19066.00,18601.00,19064.00,18838.00,144788
20181112,19000.00,19096.00,18609.00,19096.00,18912.00,173291
20181113,19000.00,19088.00,18771.00,19020.00,18914.00,374531
20181114,18508.00,19189.00,18508.00,19090.00,18957.00,118249
20181117,19130.00,19290.00,18630.00,19000.00,18974.00,227579
20181118,19190.00,19190.00,18930.00,19000.00,18986.00,128813
20181119,19000.00,19935.00,19000.00,19935.00,19451.00,316089
20181120,20249.00,20423.00,20000.00,20423.00,20399.00,405059
20181121,21200.00,21200.00,19678.00,20100.00,20448.00,119338
20181124,19950.00,19960.00,19430.00,19914.00,20344.00,47553
20181126,19835.00,19998.00,19361.00,19515.00,20273.00,44885
20181127,20700.00,20700.00,19380.00,19507.00,20250.00,24450
20181128,19351.00,19980.00,19351.00,19500.00,20176.00,61074
20181201,19900.00,20000.00,19189.00,19250.00,20064.00,71930
20181202,19955.00,21000.00,19101.00,20500.00,20510.00,424781
20181203,20500.00,20889.00,19823.00,19823.00,20437.00,240476
20181204,20080.00,20569.00,19701.00,20290.00,20077.00,231111
20181205,19762.00,20270.00,19300.00,20003.00,20093.00,617594
20181208,20300.00,21097.00,20030.00,21097.00,20630.00,288926
20181209,20900.00,21426.00,20601.00,20783.00,20661.00,83000
20181210,21000.00,21200.00,20661.00,21000.00,20706.00,86876
20181211,20672.00,21741.00,20666.00,21741.00,21090.00,726165
20181212,22000.00,22144.00,21521.00,21521.00,21421.00,140715
20181215,22390.00,22390.00,21556.00,21559.00,21480.00,65921
20181216,21485.00,21600.00,20800.00,20800.00,21397.00,96344
20181217,20700.00,21200.00,20700.00,20901.00,21343.00,45991
20181218,21000.00,21200.00,20450.00,20520.00,21276.00,36559
20181219,21390.00,21547.00,20213.00,20213.00,20384.00,716455
20181222,20001.00,20983.00,20001.00,20600.00,20405.00,78195
20181223,20010.00,20989.00,20001.00,20940.00,20648.00,218832
20181224,20900.00,21160.00,20800.00,20997.00,20834.00,188904
20181225,20979.00,21174.00,20503.00,20800.00,20876.00,337231
20181226,20710.00,21550.00,20203.00,20500.00,20612.00,485114
20181229,21001.00,21474.00,20005.00,20113.00,20415.00,563993
20181230,20800.00,21150.00,20699.00,20850.00,20501.00,86777
20181231,21000.00,21526.00,21000.00,21526.00,21510.00,1606104
20190101,21550.00,22579.00,21550.00,21650.00,21765.00,164575
20190102,21800.00,22490.00,21703.00,21940.00,21841.00,135765
20190105,22050.00,22468.00,21840.00,21991.00,21861.00,52088
20190106,22300.00,22460.00,22000.00,22460.00,22042.00,137527
20190107,22600.00,22680.00,22042.00,22396.00,22149.00,122135
20190108,22394.00,22394.00,21400.00,21650.00,22133.00,164784
20190109,21451.00,22000.00,21451.00,21977.00,22111.00,29745
20190112,21750.00,22100.00,21700.00,21903.00,22081.00,42082
20190113,21903.00,22230.00,21300.00,21800.00,22082.00,222733
20190114,21700.00,21949.00,21210.00,21899.00,21982.00,115522
20190115,21945.00,21950.00,21316.00,21650.00,21893.00,110495
20190116,21455.00,22000.00,21455.00,21701.00,21847.00,125439
20190119,21680.00,21938.00,21114.00,21938.00,21766.00,79279
20190120,21937.00,22000.00,21500.00,21500.00,21714.00,399784
20190121,21500.00,21800.00,21100.00,21800.00,21695.00,48777
20190122,21210.00,22500.00,21210.00,22500.00,21910.00,311373
20190123,22305.00,23005.00,22305.00,23005.00,22504.00,225633
20190126,23005.00,23005.00,22606.00,22802.00,22551.00,49199
20190127,21734.00,22871.00,21734.00,22570.00,22554.00,16751
20190128,22303.00,22900.00,21588.00,22391.00,22544.00,32093
20190129,22161.00,22899.00,21938.00,22899.00,22533.00,51042
20190130,22140.00,23499.00,22140.00,22870.00,22553.00,21138
20190202,21610.00,23037.00,21610.00,22900.00,22609.00,54073
20190203,21734.00,23000.00,21734.00,22377.00,22591.00,27914
20190204,22250.00,23098.00,22250.00,23000.00,22725.00,149216
20190205,22488.00,23087.00,22481.00,23055.00,22731.00,19499
20190206,22956.00,23490.00,21901.00,22922.00,23011.00,221950
20190210,22974.00,23999.00,22974.00,23749.00,23101.00,62735
20190212,23101.00,23590.00,23101.00,23512.00,23122.00,20834
20190213,22361.00,24000.00,22361.00,23400.00,23313.00,175639
20190216,23700.00,23700.00,23337.00,23450.00,23329.00,23922
20190217,23554.00,24200.00,22963.00,23734.00,23344.00,150744
20190218,23998.00,23998.00,22500.00,23788.00,23255.00,125793
20190219,23052.00,23497.00,22950.00,23450.00,23198.00,95343
20190220,23497.00,23497.00,23002.00,23002.00,23257.00,98914
20190223,23258.00,23399.00,22590.00,22900.00,23002.00,257329
20190224,22900.00,23498.00,22800.00,23050.00,23087.00,294207
20190225,23410.00,23480.00,23000.00,23245.00,23091.00,201753
20190226,23004.00,23243.00,23000.00,23100.00,23091.00,4197
20190227,23019.00,23200.00,23000.00,23100.00,23083.00,585572
20190302,22901.00,23486.00,22901.00,23430.00,23087.00,6778
20190303,23050.00,23600.00,23050.00,23252.00,23172.00,96405
20190304,23637.00,23637.00,23202.00,23202.00,23177.00,10763
20190305,23899.00,23899.00,23203.00,23400.00,23181.00,8025
20190306,23857.00,23857.00,23321.00,23600.00,23198.00,36940
20190309,23201.00,23300.00,23000.00,23101.00,23112.00,616897
20190310,23433.00,23433.00,22834.00,23132.00,23020.00,192027
20190311,22850.00,23182.00,22850.00,22988.00,23020.00,53159
20190312,22988.00,23300.00,22988.00,23300.00,23025.00,14407
20190313,22960.00,23500.00,22800.00,23196.00,23048.00,187973
20190316,23400.00,24200.00,23100.00,24200.00,23914.00,1063758
20190317,24511.00,25109.00,24510.00,25109.00,25072.00,390852
20190318,26325.00,26325.00,25600.00,26325.00,26316.00,410149
20190319,27631.00,27631.00,25716.00,27631.00,27317.00,458564
20190325,28682.00,28682.00,27200.00,28682.00,28631.00,403277
20190326,29999.00,30050.00,29300.00,30000.00,29605.00,300338
20190327,29605.00,30860.00,29605.00,30640.00,30250.00,334801
20190330,30250.00,31762.00,30000.00,31762.00,31245.00,567026
20190331,30857.00,32807.00,30801.00,32807.00,32498.00,335986
20190406,34120.00,34120.00,31589.00,32675.00,32968.00,130621
20190407,33997.00,33998.00,32005.00,33000.00,32946.00,60370
20190408,32946.00,33499.00,32946.00,33000.00,33009.00,61241
20190409,31975.00,33000.00,31950.00,32548.00,32866.00,63211
20190410,32540.00,33330.00,32500.00,33000.00,32920.00,177852
20190413,32800.00,33200.00,32541.00,32612.00,32936.00,62912
20190414,32940.00,33000.00,32787.00,32941.00,32960.00,204508
20190415,32900.00,33832.00,32750.00,33600.00,33228.00,269786
20190416,32715.00,33300.00,31861.00,32700.00,33083.00,201596
20190417,32365.00,32687.00,32000.00,32687.00,33034.00,15324
20190420,32877.00,33100.00,31800.00,32981.00,32946.00,322035
20190422,32058.00,32901.00,31299.00,31299.00,31436.00,390710
20190423,30792.00,33007.00,30000.00,33007.00,31537.00,926170
20190424,33113.00,33113.00,33113.00,33113.00,32249.00,136709
20190427,33200.00,33861.00,32501.00,33861.00,33144.00,274058
20190428,34312.00,34801.00,33690.00,34801.00,34394.00,291721
20190429,34550.00,36113.00,34163.00,35300.00,34963.00,190582
20190430,36000.00,36000.00,33301.00,34000.00,34888.00,121556
20190501,34790.00,35500.00,33146.00,35000.00,34690.00,129782
20190504,35191.00,36000.00,35160.00,35700.00,35176.00,172817
20190505,35792.00,36934.00,35351.00,35750.00,36662.00,767293
20190506,35001.00,38495.00,34829.00,35502.00,36486.00,88952
20190507,35117.00,37000.00,35000.00,35560.00,36175.00,128210
20190508,35999.00,36460.00,35200.00,36000.00,36121.00,63705
20190511,37900.00,37900.00,35570.00,36009.00,36324.00,78177
20190512,36044.00,36618.00,34600.00,36618.00,36091.00,59806
20190513,37000.00,37000.00,35750.00,36213.00,36086.00,58897
20190514,36100.00,37206.00,36100.00,37016.00,36257.00,61874
20190515,37016.00,37300.00,35821.00,36000.00,36273.00,102660
20190518,35381.00,36999.00,34712.00,35921.00,36247.00,35179
20190519,35748.00,36000.00,35003.00,35250.00,36210.00,21228
20190520,35251.00,35495.00,35251.00,35300.00,36189.00,6758
20190521,35300.00,36979.00,35300.00,36220.00,36170.00,279503
20190522,37000.00,37000.00,36000.00,36750.00,36178.00,164144
20190525,36471.00,37218.00,36100.00,36200.00,36183.00,19203
20190526,36174.00,36617.00,35000.00,36600.00,35982.00,279293
20190528,37780.00,37781.00,36701.00,37000.00,36586.00,106824
20190529,37000.00,38415.00,36703.00,37488.00,36851.00,80801
20190601,37000.00,38693.00,35500.00,38693.00,37213.00,973353
20190602,38400.00,39073.00,37213.00,37500.00,37845.00,600382
20190603,37652.00,39700.00,37652.00,38300.00,38308.00,139037
20190608,39519.00,40150.00,38530.00,38901.00,38509.00,62267
20190609,38786.00,40434.00,38750.00,40434.00,39869.00,218998
20190611,41000.00,43050.00,41000.00,42792.00,42025.00,361187
20190612,42800.00,42849.00,41961.00,42000.00,42415.00,161189
20190615,42220.00,43400.00,42000.00,43400.00,42677.00,91120
20190616,42860.00,43980.00,42860.00,43515.00,43226.00,172164
20190617,43500.00,44690.00,43500.00,43937.00,43775.00,608307
20190618,44681.00,45066.00,43554.00,44500.00,44129.00,84695
20190619,44758.00,46335.00,43232.00,46335.00,45691.00,376205
20190622,46470.00,47975.00,46470.00,47975.00,47412.00,197242
20190623,49750.00,49782.00,48000.00,49000.00,48658.00,190835
20190624,49780.00,49780.00,48000.00,48000.00,48582.00,67079
20190625,48894.00,48894.00,48255.00,48401.00,48578.00,34972
20190626,48380.00,49782.00,47501.00,49290.00,49015.00,173707
20190630,49782.00,50303.00,49015.00,49095.00,49140.00,100806
20190701,49259.00,50171.00,48800.00,49600.00,49158.00,1053508
20190702,49337.00,49500.00,49075.00,49158.00,49179.00,61443
20190703,50198.00,50198.00,48542.00,50000.00,49282.00,60389
20190706,51746.00,51746.00,49800.00,50502.00,50001.00,155628
20190707,51748.00,52250.00,50001.00,51000.00,50522.00,119699
20190708,52250.00,52500.00,51620.00,52390.00,51997.00,274177
20190709,53000.00,54596.00,52049.00,54596.00,53762.00,355688
20190710,56400.00,56450.00,54004.00,56449.00,55425.00,326998
20190715,53000.00,55000.00,53000.00,53002.00,53783.00,329648
20190716,54300.00,54300.00,51094.00,53200.00,52827.00,288160
20190717,52039.00,53490.00,52039.00,52358.00,52998.00,259127
20190720,52455.00,55099.00,51990.00,53556.00,53313.00,64742
20190721,53866.00,54500.00,53866.00,54252.00,53537.00,46629
20190722,54552.00,54569.00,53001.00,53541.00,53625.00,50415
20190723,54229.00,54229.00,53002.00,53021.00,53614.00,20108
20190724,53836.00,54200.00,51886.00,54000.00,53669.00,74296
20190727,54900.00,54900.00,52527.00,52950.00,53617.00,23243
20190728,53600.00,54850.00,52267.00,54000.00,53692.00,156033
20190729,53554.00,56376.00,53554.00,56375.00,56031.00,231965
20190730,58800.00,58800.00,56060.00,56069.00,56389.00,62902
20190731,56550.00,57648.00,55001.00,56555.00,56436.00,70583
20190803,56137.00,56800.00,55000.00,55000.00,56310.00,61511
20190804,56849.00,56849.00,55391.00,56792.00,56308.00,66034
20190805,56790.00,57300.00,56151.00,56322.00,56532.00,91367
20190806,55519.00,56300.00,54785.00,55300.00,56061.00,65323
20190807,55479.00,57500.00,55200.00,57000.00,56310.00,80563
20190810,56750.00,56872.00,56000.00,56351.00,56344.00,33689
20190811,56380.00,57410.00,55213.00,57000.00,56334.00,30703
20190813,57141.00,57141.00,55627.00,56700.00,56334.00,22212
20190814,55989.00,56400.00,55014.00,55638.00,56279.00,16371
20190817,56133.00,56133.00,55809.00,55810.00,56255.00,13171
20190818,55850.00,56569.00,55850.00,55852.00,56247.00,26347
20190819,55386.00,56839.00,55000.00,55003.00,56112.00,38828
20190821,56067.00,56695.00,54520.00,56000.00,56036.00,42543
20190824,56993.00,57000.00,54503.00,56770.00,56228.00,59820
20190825,57150.00,57900.00,55500.00,55801.00,56266.00,50809
20190826,55600.00,56900.00,55600.00,56150.00,56307.00,43870
20190827,56160.00,57302.00,55750.00,56018.00,56407.00,49833
20190828,55500.00,56950.00,55500.00,56568.00,56425.00,39866
20190831,56999.00,57545.00,55504.00,56500.00,56669.00,84395
20190901,55500.00,57326.00,55000.00,57200.00,56655.00,40555
20190902,57200.00,57360.00,56001.00,56210.00,56594.00,61619
20190903,57430.00,57800.00,55298.00,57000.00,56447.00,105376
20190904,56959.00,59269.00,56501.00,59269.00,59031.00,319807
20190908,61200.00,64260.00,61200.00,64000.00,63926.00,626597
20190911,67001.00,67001.00,64301.00,64887.00,65206.00,130593
20190914,68466.00,68466.00,63680.00,64000.00,65316.00,106750
20190915,64000.00,66000.00,63002.00,63120.00,63483.00,134021
20190916,63001.00,65198.00,61501.00,63950.00,64275.00,160549
20190917,66045.00,66045.00,63000.00,63002.00,63589.00,124283
20190918,63000.00,64050.00,61251.00,64050.00,63231.00,260039
20190921,63231.00,64800.00,63189.00,63200.00,63252.00,35375
20190922,64999.00,65000.00,61112.00,63500.00,63434.00,275708
20190923,63890.00,65000.00,62266.00,63500.00,63916.00,116385
20190924,65499.00,65499.00,63106.00,63300.00,64205.00,130275
20190925,64000.00,65050.00,63003.00,64000.00,64088.00,71892
20190928,64499.00,66000.00,63185.00,63952.00,64423.00,71132
20190929,64999.00,64999.00,63100.00,64411.00,63851.00,75359
20190930,64501.00,65998.00,64000.00,65700.00,64572.00,76839
20191001,65625.00,67000.00,64400.00,66000.00,65606.00,258407
20191002,62603.00,67500.00,62603.00,67100.00,67104.00,247110
20191009,66390.00,70459.00,63800.00,66350.00,66503.00,421034
20191012,66500.00,67500.00,64111.00,67448.00,66430.00,214945
20191013,67447.00,67500.00,65000.00,66292.00,66177.00,135221
20191014,66292.00,66899.00,62900.00,62933.00,65506.00,78678
20191015,63000.00,66498.00,63000.00,64500.00,64256.00,275959
20191016,66000.00,66853.00,64500.00,65100.00,64816.00,46557
20191020,66666.00,66666.00,64705.00,65948.00,64881.00,32352
20191021,65000.00,67123.00,64716.00,66998.00,65509.00,70454
20191022,67000.00,68784.00,67000.00,68250.00,67388.00,120792
20191023,69828.00,70000.00,68000.00,68000.00,68761.00,141587
20191026,68000.00,70350.00,67001.00,70000.00,69770.00,127568
20191028,69615.00,73200.00,69615.00,73200.00,71186.00,197934
20191030,74000.00,74744.00,71000.00,72460.00,72128.00,231371
20191102,75000.00,75000.00,72001.00,73979.00,73835.00,133420
20191103,77000.00,77526.00,75000.00,77526.00,77468.00,711891
20191104,80800.00,80800.00,77700.00,78000.00,78431.00,165211
20191105,80499.00,80499.00,77500.00,78660.00,78530.00,71209
20191109,78530.00,78653.00,75471.00,77663.00,76630.00,230439
20191110,77999.00,77999.00,75000.00,75500.00,76352.00,27522
20191111,72888.00,78000.00,72888.00,75900.00,75941.00,44215
20191112,74000.00,77135.00,74000.00,76050.00,76020.00,34100
20191113,76020.00,78648.00,75000.00,78000.00,77179.00,143553
20191116,78501.00,79999.00,77000.00,78120.00,77996.00,63851
20191117,76453.00,77000.00,74097.00,74933.00,77435.00,28029
20191118,74933.00,78500.00,74933.00,77010.00,77396.00,60672
20191119,75510.00,79999.00,75510.00,79499.00,77974.00,43233
20191120,79990.00,79990.00,78000.00,78950.00,78056.00,32173
20191123,78950.00,78950.00,77021.00,78000.00,77911.00,54092
20191124,78001.00,78550.00,77100.00,77777.00,77726.00,46377
20191125,78400.00,78400.00,77040.00,77157.00,77620.00,76578
20191126,77030.00,77199.00,76001.00,76600.00,77166.00,62207
20191127,76600.00,80169.00,74770.00,79390.00,77700.00,233807
20191130,78000.00,79500.00,78000.00,78302.00,77862.00,31921
20191201,77000.00,79450.00,76205.00,78001.00,77789.00,81042
20191202,78500.00,78500.00,76522.00,77755.00,77754.00,38603
20191203,75255.00,79500.00,75255.00,78898.00,78052.00,101099
20191204,78999.00,79292.00,77650.00,78500.00,78234.00,54970
20191207,80100.00,81000.00,78044.00,80880.00,79891.00,158409
20191208,81111.00,82352.00,79663.00,81999.00,80999.00,89633
20191209,83000.00,84995.00,82050.00,82501.00,82082.00,82132
20191210,83030.00,83030.00,79515.00,80000.00,81611.00,61901
20191211,80500.00,81500.00,79900.00,80997.00,81185.00,40109
20191214,80998.00,82081.00,80010.00,81480.00,81355.00,120379
20191215,81000.00,82500.00,80000.00,80000.00,80900.00,100688
20191216,81300.00,81377.00,80000.00,81377.00,80724.00,69506
20191217,81000.00,81000.00,79000.00,80000.00,80365.00,41750
20191218,81381.00,81999.00,80800.00,81000.00,80614.00,46493
20191221,81965.00,81965.00,76584.00,79653.00,77914.00,222650
20191222,80250.00,80250.00,78000.00,78800.00,78372.00,53840
20191223,79735.00,80000.00,78300.00,78657.00,78662.00,63845
20191224,77360.00,81600.00,77360.00,80000.00,80041.00,101778
20191225,81000.00,81000.00,79100.00,80500.00,80133.00,48159
20191228,81000.00,81500.00,79200.00,79200.00,80410.00,145212
20191229,80300.00,81204.00,79000.00,81204.00,80007.00,146802
20191230,81399.00,81399.00,79510.00,80600.00,80163.00,42429
20191231,80450.00,80600.00,77832.00,80000.00,79835.00,87403
20200101,79999.00,81700.00,79840.00,81680.00,80206.00,347934
20200104,77100.00,80216.00,77100.00,78000.00,78574.00,159584
20200105,74646.00,78887.00,74646.00,78599.00,76398.00,323868
20200107,76005.00,80000.00,75001.00,76711.00,78559.00,146539
20200108,76988.00,78985.00,76988.00,78984.00,77050.00,377082
20200111,78591.00,78591.00,78591.00,78591.00,78586.00,129340
20200112,82515.00,82515.00,81031.00,82515.00,82492.00,426569
20200113,85900.00,85900.00,81001.00,83000.00,82666.00,171274
20200114,83996.00,83996.00,81201.00,82011.00,82593.00,89174
20200115,82950.00,84245.00,81274.00,82200.00,82833.00,108196
20200118,83500.00,83500.00,82001.00,83090.00,82991.00,525085
20200119,84200.00,84200.00,82101.00,82132.00,82652.00,93603
20200120,83498.00,83990.00,82601.00,83580.00,83373.00,90479
20200121,83580.00,83580.00,82300.00,83301.00,82603.00,177250
20200122,82603.00,83270.00,81633.00,82500.00,82510.00,1047533
20200125,83753.00,84200.00,78385.00,84000.00,83489.00,681743
20200126,84097.00,84200.00,81900.00,84090.00,83879.00,829351
20200127,84207.00,84499.00,82000.00,84250.00,83806.00,132385
20200128,83300.00,84000.00,82163.00,83804.00,83411.00,122964
20200201,84000.00,84500.00,83005.00,83010.00,83694.00,279249
20200202,84625.00,87878.00,83150.00,87878.00,87395.00,1020752
20200203,91764.00,91764.00,91000.00,91702.00,91743.00,295096
20200204,96300.00,96330.00,96240.00,96330.00,96327.00,966369
20200205,101143.00,101143.00,101143.00,101143.00,101143.00,309085
20200208,106200.00,106200.00,106200.00,106200.00,106200.00,1891339
20200209,111510.00,111510.00,106252.00,108700.00,109735.00,1535977
20200210,110000.00,110000.00,104300.00,105202.00,106637.00,694385
20200212,107800.00,111968.00,101361.00,111968.00,109802.00,1603692
20200222,60200.00,63210.00,60200.00,63210.00,61312.00,1432337
20200223,64377.00,64377.00,64377.00,64377.00,64377.00,1185016
20200224,67595.00,67595.00,64377.00,66811.00,67009.00,4515299
20200225,69999.00,70359.00,67500.00,68996.00,69394.00,2653844
20200226,71000.00,71000.00,66700.00,66899.00,69006.00,1906288
20200229,66005.00,68995.00,65556.00,66900.00,66256.00,1404309
20200301,66900.00,69568.00,66900.00,69568.00,69366.00,1962130
20200302,72834.00,72834.00,71953.00,72000.00,72526.00,2702212
20200303,76152.00,76152.00,74000.00,75100.00,75585.00,1869900
20200304,78000.00,78000.00,76500.00,77000.00,77444.00,968451
20200307,81300.00,81300.00,73574.00,76122.00,78039.00,1245723
20200309,74140.00,76000.00,74138.00,74138.00,74590.00,712842
20200310,70861.00,73500.00,70861.00,72370.00,71447.00,2766704
20200317,38333.00,40249.00,38333.00,39200.00,39475.00,9674985
20200318,41448.00,41448.00,40249.00,40799.00,40965.00,9427920
20200324,42000.00,42000.00,38917.00,41200.00,40522.00,7249345
20200325,41900.00,42548.00,40588.00,42548.00,42390.00,8399087
20200328,44000.00,44509.00,42999.00,44509.00,44316.00,13046174
20200329,46500.00,46531.00,44082.00,44600.00,45771.00,10451391
20200330,45000.00,45000.00,43483.00,44001.00,43952.00,6632935
20200404,45500.00,46149.00,44000.00,46149.00,45523.00,9034885
20200405,46500.00,47000.00,45600.00,45801.00,46277.00,5643605
20200406,45999.00,45999.00,43964.00,43999.00,44194.00,4018538
20200407,44690.00,44690.00,42077.00,42601.00,42965.00,4684918
20200408,43000.00,44500.00,41601.00,43365.00,42997.00,4178016
20200411,43390.00,44200.00,41912.00,43100.00,43397.00,3466801
20200412,44200.00,44400.00,42451.00,42490.00,43071.00,3897637
20200413,43300.00,43300.00,40918.00,41000.00,41535.00,4249306
20200414,39459.00,41225.00,39459.00,39499.00,39684.00,3359468
20200415,39459.00,41668.00,39000.00,41490.00,40745.00,5580489
20200418,42782.00,42782.00,42500.00,42782.00,42762.00,7348418
20200419,44000.00,44000.00,40785.00,40880.00,42611.00,4325223
20200420,40720.00,43230.00,40720.00,42100.00,42241.00,4707093
20200421,43000.00,43590.00,42242.00,42467.00,42922.00,3896930
20200422,43240.00,44163.00,41990.00,43964.00,43125.00,4766647
20200425,45269.00,45281.00,43970.00,45281.00,45091.00,4080524
20200426,47345.00,47345.00,44012.00,45700.00,46147.00,7149161
20200427,46983.00,46983.00,44440.00,45000.00,45666.00,5144910
20200428,45499.00,46500.00,43478.00,45195.00,44474.00,5939609
20200429,45990.00,46000.00,44000.00,45621.00,45388.00,6216229
20200502,47648.00,47657.00,46600.00,47657.00,47557.00,5222154
20200503,49934.00,49934.00,49900.00,49930.00,49932.00,5453385
20200504,52000.00,52000.00,47500.00,50348.00,50335.00,5110532
20200505,52350.00,52350.00,47819.00,47819.00,48716.00,3619250
20200506,46281.00,47655.00,46281.00,46451.00,46535.00,4300396
20200509,48700.00,48800.00,47000.00,48799.00,48573.00,3464298
20200510,48401.00,50500.00,46145.00,46600.00,47477.00,4866991
20200511,46200.00,48000.00,45104.00,46999.00,45629.00,5859249
20200512,46500.00,46500.00,43348.00,43348.00,43710.00,2604242
20200513,41531.00,45890.00,41528.00,44050.00,44555.00,3236946
20200516,45596.00,45999.00,42444.00,42934.00,43770.00,2300045
20200517,41901.00,45808.00,41901.00,45800.00,44981.00,2862446
20200518,47230.00,47230.00,45852.00,47230.00,47155.00,2923211
20200519,49200.00,49512.00,47556.00,48500.00,49097.00,3649690
20200520,49590.00,49590.00,46643.00,46643.00,46740.00,2484372
20200523,44500.00,46300.00,44403.00,44404.00,44485.00,1860385
20200526,42261.00,44404.00,42261.00,42261.00,43199.00,1037132
20200527,41040.00,45358.00,41040.00,44510.00,43633.00,2061595
20200530,45797.00,45797.00,43000.00,44600.00,44634.00,1420376
20200531,45600.00,45600.00,42403.00,42497.00,43507.00,1343241
20200601,43500.00,45545.00,41900.00,44085.00,43992.00,1574131
20200602,44702.00,44800.00,43600.00,44104.00,44287.00,2417775
20200606,46000.00,46501.00,44300.00,46501.00,46390.00,3606323
20200608,50000.00,50000.00,47500.00,47500.00,48317.00,2856385
20200609,46012.00,48000.00,45902.00,45912.00,46184.00,3865222
20200610,45890.00,48321.00,45000.00,45900.00,45968.00,2402595
20200613,46780.00,47130.00,45040.00,46400.00,45870.00,4116658
20200614,46860.00,46860.00,44020.00,44500.00,44980.00,2640276
20200615,44400.00,46000.00,42990.00,44980.00,44150.00,3597130
20200616,46350.00,46350.00,46350.00,46350.00,46350.00,3776517
20200620,48660.00,48660.00,47740.00,48660.00,48640.00,7776288
20200621,51070.00,51070.00,50000.00,51070.00,50790.00,10706924
20200622,53320.00,53320.00,52500.00,53320.00,53320.00,11913143
20200623,55980.00,55980.00,50660.00,51100.00,54050.00,12193027
20200624,51360.00,54000.00,51350.00,52080.00,52360.00,4338568
20200627,52760.00,54560.00,52000.00,54000.00,53140.00,4922460
20200628,55390.00,55390.00,50490.00,53500.00,52920.00,7138843
20200629,53000.00,55560.00,52940.00,55560.00,54030.00,5397579
20200630,56730.00,56730.00,56720.00,56730.00,56730.00,2574589
20200701,59560.00,59560.00,56730.00,59560.00,59270.00,4916363
20200704,61700.00,62220.00,56310.00,60000.00,59980.00,7908264
20200706,65100.00,68350.00,62900.00,64200.00,64840.00,5268140
20200707,64490.00,67000.00,61610.00,61800.00,63130.00,6189504
20200708,60100.00,63200.00,59980.00,59980.00,61900.00,5607626
20200711,58810.00,64790.00,58810.00,61470.00,59980.00,4721741
20200712,61470.00,62970.00,58900.00,59950.00,61610.00,5516096
20200713,59170.00,64100.00,58530.00,62000.00,61330.00,4477294
20200714,60900.00,63390.00,59120.00,59140.00,60620.00,2730134
20200715,58000.00,63650.00,57590.00,63650.00,61910.00,5209235
20200718,64770.00,65000.00,62300.00,64600.00,63800.00,2456822
20200719,66000.00,66980.00,62000.00,63100.00,64200.00,3872446
20200720,62800.00,65000.00,61250.00,61490.00,62970.00,2407353
20200721,60000.00,61450.00,59830.00,59830.00,59970.00,2066537
20200722,56980.00,60090.00,56980.00,59000.00,57320.00,2893855
20200725,57890.00,59230.00,55200.00,57000.00,57370.00,2145257
20200726,57000.00,57000.00,54620.00,54670.00,55480.00,1352774
20200727,54510.00,58220.00,53000.00,54550.00,54960.00,2358675
20200728,54100.00,56900.00,54100.00,55120.00,55090.00,1523517
20200729,55120.00,56000.00,53160.00,54700.00,54320.00,2091700
20200801,56770.00,57030.00,55200.00,57030.00,56620.00,2349320
20200802,53790.00,59450.00,53790.00,57930.00,58930.00,5512169
20200803,59520.00,59520.00,56700.00,56760.00,58170.00,1366956
20200804,57800.00,61070.00,56280.00,61070.00,59960.00,10838047
20200805,62950.00,62950.00,62950.00,62950.00,62950.00,2073430
20200809,65900.00,66090.00,62300.00,62370.00,65260.00,9365171
20200810,62700.00,64000.00,62000.00,62100.00,62120.00,6941987
20200811,59500.00,65220.00,59500.00,62700.00,62550.00,1877799
20200812,64900.00,64970.00,61010.00,61250.00,62470.00,1440099
20200815,59380.00,61250.00,59350.00,59410.00,59670.00,1447306
20200816,60000.00,62540.00,56860.00,58500.00,58740.00,2829941
20200817,56000.00,61540.00,56000.00,60500.00,60140.00,2327600
20200818,62000.00,63000.00,58650.00,60000.00,60540.00,1047057
20200819,57550.00,61000.00,57520.00,58600.00,59160.00,875256
20200822,60000.00,61000.00,56210.00,56500.00,58590.00,784032
20200823,55750.00,58590.00,55670.00,55670.00,57510.00,633812
20200824,54640.00,58700.00,54640.00,54640.00,56340.00,689342
20200825,59140.00,59150.00,56420.00,59150.00,58780.00,1787902
20200826,61000.00,61710.00,58900.00,61710.00,61170.00,1802729
20200831,63000.00,63000.00,58350.00,61190.00,60080.00,1965111
20200901,57700.00,60000.00,57080.00,57080.00,57410.00,1844399
20200902,54550.00,57400.00,54550.00,57390.00,56650.00,2088117
20200905,59390.00,59470.00,57530.00,59420.00,58290.00,1264232
20200906,60000.00,60400.00,58290.00,58530.00,58910.00,1457023
20200907,58910.00,60000.00,56310.00,58240.00,58220.00,1342727
